,lat,lon,depth,mean_sinmod_at_auv_loc,mean_estimated
0,63.45019912144669,10.42370624761659,1.7607499999999998,22.834253946940105,27.522465656139175
1,63.45021032748537,10.423709274645637,1.7587499999999998,22.834253946940105,27.522465656139175
2,63.45022157619404,10.423710104029348,1.7646999999999995,22.834253946940105,27.522465656139175
3,63.4502329560568,10.42370862227932,1.77405,22.834253946940105,27.522465656139175
4,63.450244242494726,10.42370551857564,1.78235,22.834253946940105,27.522465656139175
5,63.45025550872055,10.423700490500831,1.7790999999999997,22.834253946940105,27.522465656139175
6,63.45026651084158,10.423693356991508,1.7619,22.834253946940105,27.522465656139175
7,63.45027716486528,10.423683939113282,1.7502000000000002,22.834253946940105,27.522465656139175
8,63.45028764012417,10.42367263894429,1.7402499999999996,20.97490776909722,26.513250357737487
9,63.45029790248225,10.423658701787971,1.738300000000001,20.97490776909722,26.513250357737487
10,63.45030821290022,10.42364387734287,1.74465,20.97490776909722,26.513250357737487
11,63.45031860955648,10.423628239997944,1.75415,22.834253946940105,27.522465656139175
12,63.450329615270775,10.4236117228131,1.7848499999999998,22.834253946940105,27.522465656139175
13,63.45034119950034,10.423595174893451,1.82405,22.834253946940105,27.522465656139175
14,63.45035321581975,10.423579593982964,1.8627500000000008,22.9534912109375,27.521661532586005
15,63.45036568758518,10.42356592268464,1.8933,22.9534912109375,27.521661532586005
16,63.45037859997445,10.42355359724678,1.89195,22.9534912109375,27.521661532586005
17,63.4503918981903,10.423542678928303,1.8799,22.9534912109375,27.521661532586005
18,63.45040517215162,10.42353272326601,1.8666999999999996,22.9534912109375,27.521661532586005
19,63.45041849147788,10.423523210784584,1.8716999999999997,22.9534912109375,27.521661532586005
20,63.45043206862074,10.42351408335803,1.8671,22.9534912109375,27.521661532586005
21,63.45044561477171,10.423505211142244,1.8561,22.9534912109375,27.521661532586005
22,63.45045914071057,10.42349632282487,1.8530500000000008,22.9534912109375,27.521661532586005
23,63.450472614996286,10.423487796222073,1.8454,22.890616522894966,27.5220855528617
24,63.45048607895137,10.423478946028244,1.8441500000000004,22.890616522894966,27.5220855528617
25,63.45049946115973,10.423470061599414,1.8428,22.890616522894966,27.5220855528617
26,63.4505128528004,10.42346112893435,1.8301000000000005,22.890616522894966,27.5220855528617
27,63.45052637694264,10.423452435523368,1.8254,22.890616522894966,27.5220855528617
28,63.45053973759142,10.423444098721184,1.8357999999999997,22.890616522894966,27.5220855528617
29,63.4505531898684,10.423435945874475,1.8468,22.890616522894966,27.5220855528617
30,63.45056652985593,10.42342787935841,1.8480500000000009,22.890616522894966,27.5220855528617
31,63.45057989005555,10.42341935863682,1.8399,22.890616522894966,27.5220855528617
32,63.45059316042361,10.423410856934204,1.8438000000000003,22.890616522894966,27.5220855528617
33,63.45060625427264,10.423402281736417,1.8451000000000004,22.890616522894966,27.5220855528617
34,63.45061877140302,10.423392613783577,1.83155,22.890616522894966,27.5220855528617
35,63.45062945192704,10.42337909772498,1.7151,21.163431803385418,26.52934365994047
36,63.45063822263197,10.423361966641467,1.5677,21.163431803385418,26.52934365994047
37,63.450644505451685,10.423341420083906,1.3998000000000004,21.163431803385418,26.52934365994047
38,63.45064771693016,10.423318636373525,1.30135,21.163431803385418,26.52934365994047
39,63.45064855640614,10.42329586800546,1.3191,21.163431803385418,26.52934365994047
40,63.45064659358643,10.423272251463342,1.34615,21.163431803385418,26.52934365994047
41,63.45064137616909,10.423247907011794,1.3324500000000008,21.163431803385418,26.52934365994047
42,63.45063447890146,10.423224131121032,1.3298,21.163431803385418,26.52934365994047
43,63.45062917389834,10.423200708115765,1.3682500000000004,21.163431803385418,26.52934365994047
44,63.4506262485334,10.423176523128728,1.3703,21.163431803385418,26.52934365994047
45,63.45062521681787,10.423150426198337,1.3309000000000002,21.163431803385418,26.52934365994047
46,63.45062478338057,10.423122470643964,1.2854999999999996,21.163431803385418,26.52934365994047
47,63.4506239766931,10.423094126929552,1.2808,21.163431803385418,26.52934365994047
48,63.45062191910109,10.423066940957904,1.30825,21.163431803385418,26.52934365994047
49,63.45061847810296,10.423039746955878,1.33655,21.163431803385418,26.52934365994047
50,63.45061377901376,10.42301118941188,1.3512,21.163431803385418,26.52934365994047
51,63.450608579562726,10.422982684776096,1.3619499999999998,21.163431803385418,26.52934365994047
52,63.45060408753528,10.422954361541308,1.3842999999999994,20.962154812282986,26.51216170509557
53,63.45060084326828,10.422925382010089,1.3974499999999994,20.962154812282986,26.51216170509557
54,63.45059860736061,10.422894986305318,1.3902500000000002,20.99867926703559,26.51527960510419
55,63.45059633641862,10.422864194651025,1.3544999999999998,20.99867926703559,26.51527960510419
56,63.450593042295104,10.422834898559872,1.3281499999999995,20.99867926703559,26.51527960510419
57,63.4505899354704,10.422806745176215,1.3517,20.99867926703559,26.51527960510419
58,63.45058740042361,10.422777944048825,1.38095,20.99867926703559,26.51527960510419
59,63.45058415346166,10.422747766716626,1.3656,20.99867926703559,26.51527960510419
60,63.45058003243858,10.42271778170928,1.33105,20.99867926703559,26.51527960510419
61,63.45057576723584,10.422688382462267,1.31835,20.99867926703559,26.51527960510419
62,63.45057194580103,10.42265881069687,1.3260999999999998,20.99867926703559,26.51527960510419
63,63.45056866470309,10.422628578101046,1.3599500000000002,20.99867926703559,26.51527960510419
64,63.45056550577608,10.422598211947507,1.39685,20.99867926703559,26.51527960510419
65,63.45056192194576,10.422568142949492,1.4153999999999995,20.99867926703559,26.51527960510419
66,63.450558035832216,10.422538612369522,1.4104,20.99867926703559,26.51527960510419
67,63.45055418160889,10.422508703979556,1.3848499999999997,20.99867926703559,26.51527960510419
68,63.450550455395536,10.422477728489453,1.35265,20.99867926703559,26.51527960510419
69,63.45054654817158,10.42244660214613,1.32625,20.99867926703559,26.51527960510419
70,63.4505432014966,10.422416561490316,1.3492000000000004,20.99867926703559,26.51527960510419
71,63.4505404737611,10.422387538227936,1.3917999999999997,20.99867926703559,26.51527960510419
72,63.45053804741051,10.422357705236958,1.4103000000000006,20.99867926703559,26.51527960510419
73,63.45053477529572,10.422327475732391,1.3830500000000003,20.99867926703559,26.51527960510419
74,63.45053056533939,10.42229820023048,1.3579500000000002,20.99867926703559,26.51527960510419
75,63.45052807565754,10.422270202149692,1.36475,20.99867926703559,26.51527960510419
76,63.45052934093515,10.422244122011415,1.3790500000000006,20.99867926703559,26.51527960510419
77,63.45053466031132,10.422220698610548,1.3822999999999994,20.99867926703559,26.51527960510419
78,63.450542953561474,10.422202808202345,1.3648500000000006,20.99867926703559,26.51527960510419
79,63.45055333225143,10.422190979749772,1.3552999999999995,20.99867926703559,26.51527960510419
80,63.450564777691234,10.422184975395597,1.3693499999999996,20.99867926703559,26.51527960510419
81,63.45057678188337,10.422183719555738,1.3866499999999995,20.99867926703559,26.51527960510419
82,63.45058910632505,10.42218258854385,1.38925,20.99867926703559,26.51527960510419
83,63.45060164726079,10.422178944434748,1.3834999999999995,20.99867926703559,26.51527960510419
84,63.450614227722426,10.422173685480388,1.33065,20.99867926703559,26.51527960510419
85,63.45062669903871,10.422166075990772,1.2665000000000002,20.99867926703559,26.51527960510419
86,63.45063913037994,10.422157014389464,1.2544000000000002,20.99867926703559,26.51527960510419
87,63.45065197225144,10.422146853705508,1.2873,20.99867926703559,26.51527960510419
88,63.450665037803525,10.422135957581178,1.3376000000000006,20.99867926703559,26.51527960510419
89,63.45067838767252,10.42212508676582,1.376,21.114015367296005,26.525125239499893
90,63.45069220870808,10.422114287613558,1.38665,21.114015367296005,26.525125239499893
91,63.45070607645605,10.422104051227224,1.3792000000000006,21.114015367296005,26.525125239499893
92,63.4507201265621,10.422094762578126,1.3765500000000002,21.114015367296005,26.525125239499893
93,63.4507342197873,10.422085959316918,1.3690499999999992,21.114015367296005,26.525125239499893
94,63.45074838936934,10.422077616344646,1.3711500000000003,21.114015367296005,26.525125239499893
95,63.45076255445979,10.422069588900309,1.3694000000000002,21.114015367296005,26.525125239499893
96,63.450776780635714,10.42206159264208,1.3662999999999998,21.114015367296005,26.525125239499893
97,63.450790959650064,10.422053977201749,1.3582999999999994,21.114015367296005,26.525125239499893
98,63.450805106774204,10.422046411977108,1.3558499999999998,21.114015367296005,26.525125239499893
99,63.45081920269436,10.422038898964788,1.35215,21.114015367296005,26.525125239499893
100,63.45083328109735,10.422031360810408,1.3621,21.114015367296005,26.525125239499893
101,63.45084729033004,10.422023376423176,1.3585499999999997,21.114015367296005,26.525125239499893
102,63.45086110372991,10.422015480325276,1.34965,21.114015367296005,26.525125239499893
103,63.45087496204557,10.422007354127102,1.3401999999999994,21.114015367296005,26.525125239499893
104,63.450888757479134,10.421999361530473,1.3419499999999995,21.114015367296005,26.525125239499893
105,63.45090237729198,10.421991425080416,1.3492500000000007,21.114015367296005,26.525125239499893
106,63.4509160123762,10.42198329267631,1.3661,21.114015367296005,26.525125239499893
107,63.4509297754704,10.421975171406222,1.3753499999999996,21.114015367296005,26.525125239499893
108,63.45094343121588,10.421967196771396,1.3747000000000005,21.114015367296005,26.525125239499893
109,63.45095712873303,10.421959194020127,1.3645499999999997,21.114015367296005,26.525125239499893
110,63.45097088823397,10.421950769241665,1.3514499999999998,21.114015367296005,26.525125239499893
111,63.450984460885245,10.421942391557964,1.3524,21.114015367296005,26.525125239499893
112,63.450998153012506,10.421934145591344,1.2657000000000005,21.302369859483505,26.541204068788197
113,63.45101193047976,10.421925832346172,1.1104499999999995,19.67990451388889,26.149501687539555
114,63.45102585661824,10.421917998537396,0.9792499999999996,19.67990451388889,26.149501687539555
115,63.45103967720465,10.42191100977978,0.9299000000000002,19.86336941189236,26.15477914786137
116,63.45105373449722,10.421903941789056,0.9256,19.86336941189236,26.15477914786137
117,63.451067756755485,10.421896392414189,0.9172,19.86336941189236,26.15477914786137
118,63.45108183470933,10.42188852250257,0.8871999999999998,19.86336941189236,26.15477914786137
119,63.4510958632558,10.421881027382382,0.8671999999999999,19.86336941189236,26.15477914786137
120,63.45111020396697,10.4218746298343,0.8553499999999999,19.86336941189236,26.15477914786137
121,63.45112451278793,10.421867314770765,0.8372500000000003,19.86336941189236,26.15477914786137
122,63.45113857906366,10.421859302123307,0.8440500000000002,19.86336941189236,26.15477914786137
123,63.45115251912604,10.421851371785085,0.8656,19.86336941189236,26.15477914786137
124,63.451166441222114,10.421842224473185,0.8815000000000002,19.86336941189236,26.15477914786137
125,63.45118024968125,10.421833028839025,0.8807000000000004,19.86336941189236,26.15477914786137
126,63.451193879824736,10.421823704445249,0.8834499999999998,19.86336941189236,26.15477914786137
127,63.45120775161513,10.42181409280044,0.8742000000000001,19.86336941189236,26.15477914786137
128,63.45122160813416,10.421805040875428,0.8716999999999999,19.86336941189236,26.15477914786137
129,63.45123507478419,10.421796049976813,0.8711500000000003,19.86336941189236,26.15477914786137
130,63.451248609706205,10.421786599868009,0.8641999999999997,19.86336941189236,26.15477914786137
131,63.45126225197695,10.42177845320402,0.8613,19.86336941189236,26.15477914786137
132,63.451275726262665,10.421770600859904,0.8688499999999998,19.86336941189236,26.15477914786137
133,63.4512892993631,10.421762236065872,0.8825499999999998,19.86336941189236,26.15477914786137
134,63.45130254457832,10.42175364292452,0.8841499999999998,19.86336941189236,26.15477914786137
135,63.451316064228976,10.421744960523164,0.8803999999999998,19.86336941189236,26.15477914786137
136,63.4513293925384,10.421736798533644,0.8744999999999999,19.86336941189236,26.15477914786137
137,63.4513427572296,10.421728867693345,0.87335,20.17810567220052,26.163832695126747
138,63.4513561133868,10.421720742889724,0.87395,20.17810567220052,26.163832695126747
139,63.451369586774206,10.421712541783643,0.8798000000000001,20.17810567220052,26.163832695126747
140,63.45138287241363,10.421704502335643,0.8882499999999997,20.17810567220052,26.163832695126747
141,63.451396326038086,10.421696656944148,0.8865999999999999,20.17810567220052,26.163832695126747
142,63.45140972621276,10.421688727095471,0.8791,20.17810567220052,26.163832695126747
143,63.451423245414254,10.42168090484678,0.8717,20.17810567220052,26.163832695126747
144,63.451436563393045,10.42167250160771,0.8791999999999998,20.17810567220052,26.163832695126747
145,63.451449727310695,10.421663837980942,0.8930000000000001,20.17810567220052,26.163832695126747
146,63.45146289302498,10.42165504672172,0.8901499999999999,20.17810567220052,26.163832695126747
147,63.451475960373706,10.421645937831087,0.88565,20.17810567220052,26.163832695126747
148,63.45148902727327,10.421637493189042,0.8735999999999999,20.17810567220052,26.163832695126747
149,63.45150215031756,10.421629091789018,0.88315,20.17810567220052,26.163832695126747
150,63.45151517005555,10.421621108362032,0.8861000000000001,20.17810567220052,26.163832695126747
151,63.451528276481,10.421613384257832,0.9034,20.17810567220052,26.163832695126747
152,63.451541267023735,10.421605682177043,0.9112000000000002,20.17810567220052,26.163832695126747
153,63.45155443947539,10.421598385198388,0.9030500000000004,20.17810567220052,26.163832695126747
154,63.45156747268811,10.421590488175935,0.8764999999999998,20.324178059895832,26.16803454103059
155,63.45158057372368,10.421582619329936,0.8760999999999999,20.324178059895832,26.16803454103059
156,63.45159346859579,10.421574828722898,0.8753499999999999,20.324178059895832,26.16803454103059
157,63.451606592089234,10.421566993040416,0.8660000000000002,20.324178059895832,26.16803454103059
158,63.4516197101928,10.421559456816953,0.85215,20.324178059895832,26.16803454103059
159,63.45163261180228,10.421551689306806,0.845,20.324178059895832,26.16803454103059
160,63.45164568049847,10.42154417313501,0.8497999999999996,20.324178059895832,26.16803454103059
161,63.45165866744794,10.42153620669128,0.8599,20.324178059895832,26.16803454103059
162,63.45167164002436,10.42152861306124,0.8674499999999998,20.645039876302082,26.177264293006562
163,63.45168459553278,10.421520243603412,0.8757499999999998,20.645039876302082,26.177264293006562
164,63.45169750702374,10.421512246939429,0.8744,20.645039876302082,26.177264293006562
165,63.45171051598194,10.421504214155783,0.8692000000000002,20.645039876302082,26.177264293006562
166,63.45172318043609,10.42149620927258,0.8543499999999999,20.645039876302082,26.177264293006562
167,63.45173624598818,10.421488294089846,0.8525500000000001,20.645039876302082,26.177264293006562
168,63.45174903890146,10.421480308372072,0.8557500000000001,20.645039876302082,26.177264293006562
169,63.45176193107863,10.421472598066297,0.8645499999999997,20.645039876302082,26.177264293006562
170,63.451774753636336,10.421464609339328,0.86535,20.645039876302082,26.177264293006562
171,63.45178777202685,10.421456764442102,0.8522499999999995,20.645039876302082,26.177264293006562
172,63.45180063545792,10.42144908926896,0.8422000000000001,20.645039876302082,26.177264293006562
173,63.45181354335561,10.421441065404723,0.8377000000000002,20.645039876302082,26.177264293006562
174,63.45182647865193,10.421433614367055,0.8428000000000001,20.645039876302082,26.177264293006562
175,63.45183950961887,10.421426079976404,0.8560499999999998,20.645039876302082,26.177264293006562
176,63.45185247680539,10.421418847018533,0.8634000000000001,20.645039876302082,26.177264293006562
177,63.45186536988088,10.421410927630117,0.8603500000000001,20.645039876302082,26.177264293006562
178,63.45187824454089,10.421402807234037,0.8484999999999999,20.645039876302082,26.177264293006562
179,63.45189115603184,10.421394816492654,0.8523999999999999,20.645039876302082,26.177264293006562
180,63.45190407695512,10.42138693227422,0.8584499999999998,20.645039876302082,26.177264293006562
181,63.45191712004931,10.4213791305352,0.8655500000000002,20.645039876302082,26.177264293006562
182,63.45193011149036,10.421371238309856,0.8624000000000003,20.645039876302082,26.177264293006562
183,63.45194302343047,10.42136354399843,0.8607999999999999,20.645039876302082,26.177264293006562
184,63.45195581005555,10.421355491836756,0.8529499999999999,20.645039876302082,26.177264293006562
185,63.45196863800315,10.421347917043963,0.8421999999999998,20.645039876302082,26.177264293006562
186,63.451981248558354,10.42134025366498,0.8389,20.645039876302082,26.177264293006562
187,63.45199399386092,10.421332685838436,0.8475000000000001,20.645039876302082,26.177264293006562
188,63.45200688199567,10.42132513819877,0.8410499999999999,20.990759955512154,26.18720910544938
189,63.45201945886404,10.421318040561962,0.84285,20.990759955512154,26.18720910544938
190,63.45203188212043,10.421310852371944,0.9491499999999996,20.990759955512154,26.18720910544938
191,63.45204449042985,10.42130436474643,1.0864499999999997,20.990759955512154,26.18720910544938
192,63.45205717599441,10.421297830938755,1.20055,20.990759955512154,26.18720910544938
193,63.45207001562012,10.42129089122823,1.2504499999999996,22.256478203667534,26.622651264501542
194,63.452082894771706,10.42128364100853,1.2502,22.256478203667534,26.622651264501542
195,63.45209576808425,10.421276064170028,1.2532,22.3023681640625,26.626568648316862
196,63.452108530005646,10.421268769641868,1.2672999999999996,22.3023681640625,26.626568648316862
197,63.45212139792829,10.42126211131053,1.2930500000000005,22.3023681640625,26.626568648316862
198,63.4521343067243,10.421255506262572,1.3068500000000003,22.3023681640625,26.626568648316862
199,63.45214733903871,10.421248903300125,1.3169499999999998,22.3023681640625,26.626568648316862
200,63.45216031925081,10.42124195258414,1.3218,22.3023681640625,26.626568648316862
201,63.45217327745418,10.421234438069424,1.3189,22.3023681640625,26.626568648316862
202,63.45218636770995,10.421227008050984,1.3282000000000005,22.3023681640625,26.626568648316862
203,63.45219932636248,10.421219355844451,1.3306999999999998,22.3023681640625,26.626568648316862
204,63.452212143979445,10.421211684443936,1.3311000000000002,22.3023681640625,26.626568648316862
205,63.45222502313104,10.421203433218905,1.3264000000000002,22.3023681640625,26.626568648316862
206,63.45223794585093,10.42119533476814,1.32635,22.3023681640625,26.626568648316862
207,63.45225083398568,10.421187267440892,1.3302,22.3023681640625,26.626568648316862
208,63.45226367046728,10.4211794784449,1.3314499999999996,22.3023681640625,26.626568648316862
209,63.4522766228316,10.42117132170448,1.3353499999999996,22.3023681640625,26.626568648316862
210,63.45228950108487,10.421163405092395,1.3313,22.3023681640625,26.626568648316862
211,63.452302481296975,10.421155840274867,1.3296,22.3023681640625,26.626568648316862
212,63.45231545522086,10.421148047321184,1.3351499999999994,22.3023681640625,26.626568648316862
213,63.452328377940766,10.42114057792302,1.3316,22.3023681640625,26.626568648316862
214,63.45234127910109,10.42113288741329,1.3289999999999995,22.559295654296875,26.64850119267497
215,63.45235436845854,10.421124925681417,1.3250000000000004,22.559295654296875,26.64850119267497
216,63.45236741424769,10.421116665441009,1.31795,22.559295654296875,26.64850119267497
217,63.45238051393577,10.42110862430946,1.3092,22.559295654296875,26.64850119267497
218,63.45239361452217,10.421100504784306,1.31225,22.559295654296875,26.64850119267497
219,63.45240670567626,10.421092804313824,1.3164,22.559295654296875,26.64850119267497
220,63.45241970340552,10.421085150003316,1.323649999999999,22.559295654296875,26.64850119267497
221,63.452432794559606,10.42107694000366,1.3253000000000004,22.559295654296875,26.64850119267497
222,63.45244589604432,10.421069131987764,1.3291000000000004,22.559295654296875,26.64850119267497
223,63.45245904019903,10.421060950146853,1.3247000000000002,22.559295654296875,26.64850119267497
224,63.452472109344384,10.4210528456315,1.3235,22.559295654296875,26.64850119267497
225,63.45248518612542,10.42104462956288,1.3267000000000004,22.559295654296875,26.64850119267497
226,63.45249823640614,10.421036424524043,1.3261,22.559295654296875,26.64850119267497
227,63.45251122470309,10.421028132005446,1.3259499999999995,22.559295654296875,26.64850119267497
228,63.45252423725455,10.421020169123349,1.3342999999999994,22.559295654296875,26.64850119267497
229,63.45253732077296,10.421012077644832,1.3189499999999996,22.559295654296875,26.64850119267497
230,63.45255065851469,10.421004181287827,1.2151999999999998,21.40515814887153,26.199129478483595
231,63.452564005688735,10.42099575531283,1.0688499999999996,21.40515814887153,26.199129478483595
232,63.45257721452217,10.420987603595574,0.9617499999999998,21.40515814887153,26.199129478483595
233,63.45259038158393,10.420979867899677,0.90295,21.40515814887153,26.199129478483595
234,63.45260356167127,10.420973205509693,0.8957500000000002,21.482559204101562,26.201355958874604
235,63.452616634409885,10.42096631692611,0.88255,21.482559204101562,26.201355958874604
236,63.45262978979354,10.420959198252364,0.8744,21.482559204101562,26.201355958874604
237,63.45264274440365,10.420951897542336,0.8557500000000001,21.482559204101562,26.201355958874604
238,63.45265594964382,10.42094484421083,0.8499000000000001,21.482559204101562,26.201355958874604
239,63.45266896803434,10.420937025969966,0.8422500000000002,21.482559204101562,26.201355958874604
240,63.45268201921338,10.42092959867644,0.83255,21.808695475260418,26.210737433201714
241,63.45269501559516,10.42092170603946,0.8335000000000001,21.808695475260418,26.210737433201714
242,63.45270803129073,10.420913836522166,0.8428000000000002,21.808695475260418,26.210737433201714
243,63.45272094592579,10.420905812166666,0.8473,21.808695475260418,26.210737433201714
244,63.45273393377358,10.420897767751947,0.8377500000000001,21.808695475260418,26.210737433201714
245,63.45274684436622,10.42088944892257,0.8312999999999999,21.808695475260418,26.210737433201714
246,63.452759740585805,10.420881018524456,0.8398,21.808695475260418,26.210737433201714
247,63.45277271540802,10.42087259520443,0.8384999999999998,21.808695475260418,26.210737433201714
248,63.45278552359267,10.420864398892911,0.8432499999999999,21.808695475260418,26.210737433201714
249,63.452798570729286,10.420856141425183,0.8349499999999999,21.808695475260418,26.210737433201714
250,63.452811555432966,10.420847869839935,0.8380499999999997,21.808695475260418,26.210737433201714
251,63.45282434475299,10.420839754896988,0.8384999999999998,21.808695475260418,26.210737433201714
252,63.45283746105992,10.42083185924251,0.8388500000000001,21.808695475260418,26.210737433201714
253,63.452850532001904,10.420823674118576,0.8343,21.808695475260418,26.210737433201714
254,63.45286350682411,10.420815524099302,0.8257499999999999,21.808695475260418,26.210737433201714
255,63.45287651937558,10.42080766353018,0.8236999999999999,21.808695475260418,26.210737433201714
256,63.45288961367377,10.420799795971773,0.8284500000000004,21.808695475260418,26.210737433201714
257,63.452902505401774,10.420792051887842,0.8355,21.808695475260418,26.210737433201714
258,63.45291548606304,10.420784356093154,0.84555,21.808695475260418,26.210737433201714
259,63.45292853230134,10.420776336730723,0.8356500000000002,21.808695475260418,26.210737433201714
260,63.45294144783472,10.420768599675872,0.8400499999999997,21.808695475260418,26.210737433201714
261,63.45295433731693,10.420760520904375,0.8431500000000003,21.808695475260418,26.210737433201714
262,63.452967260935154,10.420752357729274,0.8413000000000002,21.808695475260418,26.210737433201714
263,63.45298036107239,10.420744374551685,0.8439500000000001,21.808695475260418,26.210737433201714
264,63.45299318946915,10.42073606055362,0.8441499999999997,21.808695475260418,26.210737433201714
265,63.45300609691768,10.420727996839128,0.8562999999999998,22.14695061577691,26.22046751291806
266,63.453019139113565,10.420719603569957,0.8604499999999999,22.14695061577691,26.22046751291806
267,63.45303192573864,10.420711345801717,0.8620000000000003,22.14695061577691,26.22046751291806
268,63.45304341878917,10.420700936534494,0.8492,22.14695061577691,26.22046751291806
269,63.4530533249651,10.420687347481968,0.8230000000000002,22.14695061577691,26.22046751291806
270,63.453062080847815,10.420670916596832,0.7946499999999999,22.14695061577691,26.22046751291806
271,63.453068883343136,10.420650849428194,0.7686,22.14695061577691,26.22046751291806
272,63.453073722569584,10.420628414260202,0.7477,21.342271592881943,24.81404264903568
273,63.45307574961887,10.420603817581393,0.7547999999999998,22.14695061577691,26.22046751291806
274,63.45307446412916,10.420578442941942,0.76065,22.14695061577691,26.22046751291806
275,63.45306927860202,10.42055502453628,0.7627500000000003,22.14695061577691,26.22046751291806
276,63.4530629405359,10.420532149102648,0.8159499999999997,22.14695061577691,26.22046751291806
277,63.45305858954401,10.420507524259996,0.92135,22.14695061577691,26.22046751291806
278,63.45305533225143,10.420481566505805,0.97885,22.14695061577691,26.22046751291806
279,63.45305230088525,10.420453766767409,0.9425000000000002,22.14695061577691,26.22046751291806
280,63.45304930410421,10.420424544001577,0.8952,22.14695061577691,26.22046751291806
281,63.45304692222024,10.420393520701165,0.8691000000000002,22.14695061577691,26.22046751291806
282,63.45304474200814,10.420361940772654,0.8652999999999998,22.14695061577691,26.22046751291806
283,63.45304236910733,10.420332095327202,0.8905499999999998,22.14695061577691,26.22046751291806
284,63.45303981699254,10.420301866876086,0.9213,22.14695061577691,26.22046751291806
285,63.45303602520215,10.420271393443407,0.91655,22.14695061577691,26.22046751291806
286,63.45303143660577,10.420241914452692,0.8855500000000003,22.14695061577691,26.22046751291806
287,63.45302651967501,10.420212896553076,0.8808999999999999,22.14695061577691,26.22046751291806
288,63.45302277055462,10.42018284426019,0.9034,22.14695061577691,26.22046751291806
289,63.453019403667525,10.420151587240245,0.9064,22.14695061577691,26.22046751291806
290,63.45301577581974,10.420121425495209,0.8837999999999997,22.14695061577691,26.22046751291806
291,63.4530121848029,10.42009176024134,0.87385,22.14695061577691,26.22046751291806
292,63.45300889921338,10.420061173616334,0.8782500000000001,22.14695061577691,26.22046751291806
293,63.45300535715474,10.420030537595832,0.8750499999999999,22.14695061577691,26.22046751291806
294,63.45300144499005,10.420001096276808,0.8699999999999999,22.14695061577691,26.22046751291806
295,63.452997629843445,10.41997189119602,0.8777000000000001,22.110183715820312,26.219409894497378
296,63.45299390138431,10.41994133447751,0.8853000000000002,22.110183715820312,26.219409894497378
297,63.45298985492143,10.419911305186524,0.8739499999999998,22.110183715820312,26.219409894497378
298,63.45298585921338,10.419882256795828,0.8720500000000001,22.110183715820312,26.219409894497378
299,63.45298223361139,10.4198522187342,0.8787,22.110183715820312,26.219409894497378
300,63.45297871805305,10.419821478266352,0.8625000000000002,22.110183715820312,26.219409894497378
301,63.45297484227015,10.419791739551435,0.8565499999999997,22.110183715820312,26.219409894497378
302,63.45297136983097,10.419762809093678,0.87155,22.500505235460068,26.23063768986895
303,63.45296795308737,10.41973257521822,0.8724000000000001,22.500505235460068,26.23063768986895
304,63.4529639852271,10.41970206665642,0.8594500000000002,22.500505235460068,26.23063768986895
305,63.45296001018032,10.419673466554473,0.8660499999999998,22.500505235460068,26.23063768986895
306,63.45295650001188,10.41964418134559,0.8786000000000002,22.500505235460068,26.23063768986895
307,63.45295303116597,10.419613615825469,0.8671,22.500505235460068,26.23063768986895
308,63.45294893035499,10.4195840569211,0.85355,22.500505235460068,26.23063768986895
309,63.45294531822773,10.419555399784976,0.8668000000000001,22.500505235460068,26.23063768986895
310,63.45294215391082,10.419525896732802,0.8779,22.500505235460068,26.23063768986895
311,63.45293852022399,10.419495964280078,0.8640999999999999,22.500505235460068,26.23063768986895
312,63.45293472663696,10.419467222638769,0.8576499999999999,22.500505235460068,26.23063768986895
313,63.452931194459794,10.419438186702529,0.8658999999999999,22.500505235460068,26.23063768986895
314,63.45292788102249,10.419408699668628,0.85725,22.500505235460068,26.23063768986895
315,63.45292432638743,10.419378464794343,0.8400500000000001,22.500505235460068,26.23063768986895
316,63.45292032259454,10.4193499230486,0.8443999999999999,22.500505235460068,26.23063768986895
317,63.45291726427888,10.419320885412493,0.86645,22.500505235460068,26.23063768986895
318,63.452913959824734,10.419290789395347,0.8792499999999996,22.500505235460068,26.23063768986895
319,63.45291005080415,10.419261326163776,0.8636000000000001,22.500505235460068,26.23063768986895
320,63.45290610225767,10.419233134213387,0.8661000000000001,22.51653374565972,26.23109875804884
321,63.452902710666905,10.419203453222426,0.8787,22.51653374565972,26.23109875804884
322,63.45289910887027,10.419173649507703,0.8641,22.51653374565972,26.23109875804884
323,63.45289536738556,10.419144514028252,0.8515499999999999,22.51653374565972,26.23109875804884
324,63.45289181679292,10.419115256061064,0.8639499999999998,22.51653374565972,26.23109875804884
325,63.45288845215162,10.41908545753235,0.86685,22.51653374565972,26.23109875804884
326,63.452885184977575,10.419055578669404,0.8688000000000002,22.51653374565972,26.23109875804884
327,63.45288139767876,10.419026298476236,0.8634000000000001,22.51653374565972,26.23109875804884
328,63.452877909968215,10.418996990325743,0.8675499999999999,22.51653374565972,26.23109875804884
329,63.45287435039242,10.418967518329522,0.8696499999999997,22.51653374565972,26.23109875804884
330,63.45287073557021,10.418937674467417,0.8620000000000001,22.51653374565972,26.23109875804884
331,63.45286709469685,10.418908809444464,0.8478000000000001,22.51653374565972,26.23109875804884
332,63.45286371388587,10.418879645096236,0.858,22.51653374565972,26.23109875804884
333,63.45286070857083,10.418849387557689,0.8649500000000003,22.51653374565972,26.23109875804884
334,63.4528569545097,10.418820294361446,0.84975,22.51653374565972,26.23109875804884
335,63.4528535121641,10.418791517919228,0.8562499999999998,22.51653374565972,26.23109875804884
336,63.452850120124175,10.418762343542497,0.85775,22.51653374565972,26.23109875804884
337,63.452846536293855,10.41873273591851,0.8509,22.51653374565972,26.23109875804884
338,63.45284300636248,10.418703837845245,0.8427500000000002,22.51653374565972,26.23109875804884
339,63.45283959815287,10.41867486548038,0.8550999999999999,22.51653374565972,26.23109875804884
340,63.45283630492767,10.41864568314812,0.8578000000000001,22.51653374565972,26.23109875804884
341,63.45283280778481,10.41861638312461,0.8542500000000004,22.51653374565972,26.23109875804884
342,63.45282912738556,10.418587287014152,0.8519999999999998,22.51653374565972,26.23109875804884
343,63.452825600149126,10.418558535704214,0.8516,22.985883924696182,26.244599852666155
344,63.452822110641954,10.418529457805986,0.8648,22.985883924696182,26.244599852666155
345,63.45281879855212,10.418499922751634,0.8634499999999999,23.054136488172745,26.246563172077824
346,63.452815053923295,10.418470849748616,0.8578500000000002,23.054136488172745,26.246563172077824
347,63.45281148716098,10.418442167788148,0.8536999999999999,23.054136488172745,26.246563172077824
348,63.45280804122211,10.4184128115651,0.8526000000000001,23.054136488172745,26.246563172077824
349,63.45280445110359,10.41838348642253,0.8466999999999997,23.054136488172745,26.246563172077824
350,63.45280096204557,10.418354977382512,0.8530500000000002,23.054136488172745,26.246563172077824
351,63.45279777257583,10.418325714786477,0.86295,23.054136488172745,26.246563172077824
352,63.45279432349285,10.418296168649764,0.8491,23.054136488172745,26.246563172077824
353,63.45279040414164,10.4182678232018,0.8442000000000002,23.054136488172745,26.246563172077824
354,63.45278712933191,10.41823929320439,0.8522000000000001,23.054136488172745,26.246563172077824
355,63.45278356391706,10.418210099770176,0.8583500000000001,23.054136488172745,26.246563172077824
356,63.45278015660577,10.418181171743573,0.8618500000000002,23.054136488172745,26.246563172077824
357,63.45277653774114,10.418152398372865,0.8613499999999996,23.054136488172745,26.246563172077824
358,63.45277282859579,10.418123521447471,0.8602000000000001,23.054136488172745,26.246563172077824
359,63.45276939478418,10.418095020540814,0.85635,23.054136488172745,26.246563172077824
360,63.45276577636872,10.41806597484451,0.8633,23.054136488172745,26.246563172077824
361,63.4527626632558,10.418036356598266,0.8629999999999999,23.054136488172745,26.246563172077824
362,63.45275913018032,10.418007835558427,0.8602000000000001,23.054136488172745,26.246563172077824
363,63.452755758352495,10.41797931762861,0.8657499999999999,23.054136488172745,26.246563172077824
364,63.4527524970175,10.417949907350572,0.8624499999999999,23.054136488172745,26.246563172077824
365,63.45274877170246,10.417921014387325,0.85975,23.054136488172745,26.246563172077824
366,63.45274537741675,10.417893045180454,0.8589500000000001,23.054136488172745,26.246563172077824
367,63.4527421592009,10.417864107282975,0.8681000000000001,23.054136488172745,26.246563172077824
368,63.4527387743475,10.41783426482743,0.8662999999999998,23.054136488172745,26.246563172077824
369,63.45273534772242,10.417805854440688,0.8632,23.054136488172745,26.246563172077824
370,63.45273194130945,10.41777742899707,0.8651999999999997,23.054136488172745,26.246563172077824
371,63.45272868671182,10.4177476951694,0.8547499999999998,23.17194112141927,26.24995188176807
372,63.452725129830974,10.417719027460478,0.8581999999999999,23.17194112141927,26.24995188176807
373,63.452721719375575,10.41769046133924,0.87525,23.17194112141927,26.24995188176807
374,63.45271823121588,10.417661430886705,0.8689500000000004,23.17194112141927,26.24995188176807
375,63.45271476416659,10.4176323049803,0.8636000000000001,23.17194112141927,26.24995188176807
376,63.45271106849597,10.417602955855624,0.8616000000000001,23.17194112141927,26.24995188176807
377,63.45270754799691,10.417574215843812,0.8540499999999998,23.17194112141927,26.24995188176807
378,63.45270413574488,10.417545617597368,0.86365,23.17194112141927,26.24995188176807
379,63.45270113492143,10.417515974406744,0.86955,23.17194112141927,26.24995188176807
380,63.45269788571369,10.417487135067065,0.8712500000000001,23.17194112141927,26.24995188176807
381,63.45269444516472,10.417458978007543,0.8749999999999998,23.17194112141927,26.24995188176807
382,63.45269103381101,10.417429894387944,0.8687999999999999,23.604605780707466,26.262397698907442
383,63.452687191714936,10.417401019582444,0.8518999999999997,23.604605780707466,26.262397698907442
384,63.45268365639367,10.417372619291394,0.8485999999999997,23.604605780707466,26.262397698907442
385,63.4526804426694,10.417343734780555,0.8652000000000003,23.604605780707466,26.262397698907442
386,63.452677220860295,10.417314394015868,0.85965,23.604605780707466,26.262397698907442
387,63.4526736069364,10.417286407751725,0.8576000000000003,23.604605780707466,26.262397698907442
388,63.45267026160889,10.41725746490394,0.8617999999999999,23.604605780707466,26.262397698907442
389,63.45266672943172,10.41722846066266,0.8608,23.604605780707466,26.262397698907442
390,63.45266297896385,10.41720000402332,0.8565999999999997,23.604605780707466,26.262397698907442
391,63.45265937581974,10.417171499229235,0.85975,23.604605780707466,26.262397698907442
392,63.45265598153403,10.417142531259746,0.86365,23.604605780707466,26.262397698907442
393,63.45265217671806,10.417113827392054,0.8617000000000001,23.604605780707466,26.262397698907442
394,63.45264871955025,10.41708507748245,0.8654,23.604605780707466,26.262397698907442
395,63.45264542632505,10.417056435195647,0.8674,23.604605780707466,26.262397698907442
396,63.45264195478418,10.417027155674164,0.8680999999999999,23.604605780707466,26.262397698907442
397,63.452638430691856,10.416998465044152,0.8663000000000001,23.79531521267361,26.26788355190248
398,63.4526348931248,10.416969604574744,0.8748500000000001,23.79531521267361,26.26788355190248
399,63.45263149030508,10.416940203508496,0.87435,23.79531521267361,26.26788355190248
400,63.45262804256959,10.416910816495934,0.8754000000000002,23.79531521267361,26.26788355190248
401,63.45262445155274,10.416881218374508,0.86645,23.79531521267361,26.26788355190248
402,63.45262085649348,10.416852368959187,0.8568499999999997,23.79531521267361,26.26788355190248
403,63.45261768409173,10.416823346910505,0.8658999999999999,23.79531521267361,26.26788355190248
404,63.452614439824735,10.416793631404614,0.8601499999999996,23.79531521267361,26.26788355190248
405,63.45261087081662,10.416764985026855,0.8523999999999997,23.79531521267361,26.26788355190248
406,63.45260779857707,10.416736097713905,0.8633000000000001,23.79531521267361,26.26788355190248
407,63.45260461000564,10.416706408385242,0.8678000000000001,23.79531521267361,26.26788355190248
408,63.45260088424145,10.416677870486115,0.8619,23.79531521267361,26.26788355190248
409,63.4525972752583,10.416649561785157,0.8671500000000002,23.79531521267361,26.26788355190248
410,63.45259378395449,10.416620206979928,0.86555,23.79531521267361,26.26788355190248
411,63.4525901381404,10.416590928482409,0.8638000000000001,23.79531521267361,26.26788355190248
412,63.45258652511482,10.416562038930556,0.86065,23.79531521267361,26.26788355190248
413,63.452582792164094,10.41653291516946,0.8678500000000001,23.79531521267361,26.26788355190248
414,63.45257957439741,10.416502965588744,0.8691500000000001,23.79531521267361,26.26788355190248
415,63.4525758701928,10.416473364497836,0.8607999999999999,23.79531521267361,26.26788355190248
416,63.45257232094763,10.416444516210229,0.8552499999999998,23.79531521267361,26.26788355190248
417,63.45256913596946,10.416415335465205,0.8602999999999998,23.79531521267361,26.26788355190248
418,63.45256584723584,10.416385997901168,0.86195,23.79531521267361,26.26788355190248
419,63.45256251134064,10.416357423089504,0.8639999999999999,23.79531521267361,26.26788355190248
420,63.45255907707988,10.416328481424134,0.8693500000000001,23.79531521267361,26.26788355190248
421,63.452555360298845,10.416299428076863,0.8687000000000001,23.79531521267361,26.26788355190248
422,63.452551666874015,10.416270722466386,0.8621999999999999,23.79531521267361,26.26788355190248
423,63.4525479626694,10.41624135056638,0.8604499999999999,24.35036892361111,26.28384995183961
424,63.452544324041824,10.416212067142636,0.8595499999999999,24.35036892361111,26.28384995183961
425,63.45253978754775,10.416185581113702,0.8531499999999997,24.35036892361111,26.28384995183961
426,63.45253331653091,10.416163888844554,0.8389000000000001,24.35036892361111,26.28384995183961
427,63.45252469719217,10.41614681134966,0.8104500000000001,24.35036892361111,26.28384995183961
428,63.45251427134064,10.41613451461235,0.7711499999999998,24.35036892361111,26.28384995183961
429,63.45250390792205,10.416126925162214,0.7589999999999997,24.35036892361111,26.28384995183961
430,63.45249304279417,10.416122489049854,0.7683000000000002,24.35036892361111,26.28384995183961
431,63.45248087196447,10.41612176765905,0.7885000000000002,23.983235677083332,26.27328917883914
432,63.452468889331904,10.41612451347862,0.80185,23.983235677083332,26.27328917883914
433,63.4524574811722,10.416130608104805,0.81365,23.983235677083332,26.27328917883914
434,63.45244532606304,10.41613944892539,0.8097000000000001,23.983235677083332,26.27328917883914
435,63.45243180686154,10.41614860865827,0.8316999999999999,23.983235677083332,26.27328917883914
436,63.45241825666815,10.416156335294149,0.8612499999999998,23.983235677083332,26.27328917883914
437,63.45240510577607,10.416163584759532,0.89155,23.983235677083332,26.27328917883914
438,63.4523914446407,10.416170936477688,0.9051499999999996,23.983235677083332,26.27328917883914
439,63.45237728898256,10.4161786095367,0.8928000000000003,23.983235677083332,26.27328917883914
440,63.45236371004307,10.416186459739649,0.8861000000000002,23.983235677083332,26.27328917883914
441,63.452350226325045,10.416194892856806,0.8783500000000002,23.983235677083332,26.27328917883914
442,63.45233626515225,10.416204219142044,0.8670000000000002,23.983235677083332,26.27328917883914
443,63.45232221145293,10.416213860929837,0.8608999999999998,23.983235677083332,26.27328917883914
444,63.45230847979978,10.416223298858132,0.8730500000000001,23.983235677083332,26.27328917883914
445,63.45229491792829,10.416233347872977,0.8893500000000001,23.983235677083332,26.27328917883914
446,63.45228099807801,10.416243604730283,0.8785000000000002,23.983235677083332,26.27328917883914
447,63.45226680918219,10.416253391127968,0.8702,23.983235677083332,26.27328917883914
448,63.45225317005555,10.416262813989704,0.88595,23.983235677083332,26.27328917883914
449,63.45223959426016,10.416272103214386,0.9065500000000002,23.983235677083332,26.27328917883914
450,63.45222570899504,10.41628166361706,0.8969500000000004,23.983235677083332,26.27328917883914
451,63.4522117460256,10.416290671248424,0.8755499999999999,23.983235677083332,26.27328917883914
452,63.45219783965006,10.41629890508511,0.85565,23.983235677083332,26.27328917883914
453,63.45218419962511,10.416306991315745,0.8518499999999998,23.983235677083332,26.27328917883914
454,63.452170579812254,10.416316044311989,0.85775,23.983235677083332,26.27328917883914
455,63.452156612351246,10.41632433236204,0.8619999999999998,23.568945990668404,26.26137192706191
456,63.45214297591956,10.416332227630049,0.8700000000000001,23.568945990668404,26.26137192706191
457,63.45212950567626,10.416340550075605,0.8927999999999999,23.568945990668404,26.26137192706191
458,63.4521157529127,10.41634872062772,0.8919499999999998,23.568945990668404,26.26137192706191
459,63.45210213175237,10.416356729439578,0.8680999999999999,23.777291191948784,26.267365081855893
460,63.45208850026142,10.416363852878924,0.8545000000000001,23.777291191948784,26.267365081855893
461,63.45207488943172,10.416371836557314,0.86195,23.777291191948784,26.267365081855893
462,63.452061320822864,10.416379038399445,0.8777499999999996,23.777291191948784,26.267365081855893
463,63.45204874799691,10.416383609771026,0.8967499999999999,23.777291191948784,26.267365081855893
464,63.45203658525206,10.416384910237571,0.90125,23.777291191948784,26.267365081855893
465,63.45202456084782,10.416382823096257,0.8855000000000002,23.777291191948784,26.267365081855893
466,63.45201357804058,10.41637826429996,0.8610499999999999,23.777291191948784,26.267365081855893
467,63.45200338081038,10.41637126286903,0.8901000000000001,23.777291191948784,26.267365081855893
468,63.45199339558269,10.41636115827553,0.97495,23.777291191948784,26.267365081855893
469,63.45198472054837,10.41634794000526,1.09895,23.777291191948784,26.267365081855893
470,63.45197774872055,10.416331595186966,1.2140500000000007,23.777291191948784,26.267365081855893
471,63.45197179737932,10.416312411906032,1.2484500000000005,23.777291191948784,26.267365081855893
472,63.45196738485281,10.416290539146456,1.16865,23.777291191948784,26.267365081855893
473,63.4519650438422,10.41626608670393,1.0323999999999998,23.777291191948784,26.267365081855893
474,63.451965760698094,10.416240387608797,0.9140999999999996,23.777291191948784,26.267365081855893
475,63.45196972631257,10.416215940237375,0.85685,23.777291191948784,26.267365081855893
476,63.451974525114814,10.416191930413136,0.85725,23.777291191948784,26.267365081855893
477,63.45197795982473,10.41616732298495,0.8343999999999998,23.777291191948784,26.267365081855893
478,63.45197871800315,10.416142541410334,0.7958499999999997,23.777291191948784,26.267365081855893
479,63.451976546774205,10.41611762577236,0.7791500000000001,23.777291191948784,26.267365081855893
480,63.45197173674301,10.416093021408734,0.7792500000000002,23.777291191948784,26.267365081855893
481,63.45196560079791,10.41606979319162,0.8111,23.777291191948784,26.267365081855893
482,63.45196073507115,10.416044346675507,0.90865,23.777291191948784,26.267365081855893
483,63.45195759321213,10.416016757445597,0.9385,23.777291191948784,26.267365081855893
484,63.45195457666815,10.41598820855992,0.9069499999999998,23.777291191948784,26.267365081855893
485,63.45195187498381,10.415958044885096,0.8677500000000002,23.777291191948784,26.267365081855893
486,63.451949633237085,10.415926684546053,0.8414999999999999,23.777291191948784,26.267365081855893
487,63.45194738879541,10.415895723173328,0.8423000000000002,24.176830715603298,26.27885803776206
488,63.45194535590708,10.415865188001495,0.8808999999999999,24.176830715603298,26.27885803776206
489,63.45194308451594,10.415834471831763,0.9047999999999998,24.176830715603298,26.27885803776206
490,63.45193948316847,10.415804184152536,0.8829499999999998,24.37570529513889,26.284578765345035
491,63.45193556067314,10.415773975720803,0.8651500000000001,24.37570529513889,26.284578765345035
492,63.45193188790957,10.415743804597131,0.8540000000000001,24.37570529513889,26.284578765345035
493,63.4519288713656,10.41571331723056,0.8657499999999999,24.37570529513889,26.284578765345035
494,63.45192624738556,10.415681669344105,0.8602500000000001,24.37570529513889,26.284578765345035
495,63.451923473386806,10.415650820323362,0.8742000000000001,24.37570529513889,26.284578765345035
496,63.45192100795948,10.41562009204483,0.8878999999999998,24.37570529513889,26.284578765345035
497,63.45191807675549,10.41558933340782,0.87775,24.37570529513889,26.284578765345035
498,63.45191487560764,10.415558808804148,0.8591999999999997,24.37570529513889,26.284578765345035
499,63.4519114912034,10.415528952409687,0.85655,24.37570529513889,26.284578765345035
500,63.45190868800939,10.41549845513608,0.8711499999999999,24.37570529513889,26.284578765345035
501,63.45190560049847,10.415467639171402,0.8701000000000001,24.37570529513889,26.284578765345035
502,63.451902738015626,10.415437375029551,0.8722999999999999,24.37570529513889,26.284578765345035
503,63.451899643318185,10.415407093703788,0.8834499999999996,24.37570529513889,26.284578765345035
504,63.45189665462199,10.415376491856325,0.87905,24.37570529513889,26.284578765345035
505,63.451892720897725,10.41534811955207,0.8718999999999999,24.37570529513889,26.284578765345035
506,63.4518864434679,10.415324710605091,0.8492500000000002,24.37570529513889,26.284578765345035
507,63.4518782997873,10.415307154607143,0.8138499999999999,24.37570529513889,26.284578765345035
508,63.45186867164008,10.415294622653033,0.8077500000000001,24.37570529513889,26.284578765345035
509,63.45185773913852,10.415285864674916,0.7867999999999997,24.37570529513889,26.284578765345035
510,63.451846524565845,10.415281612728096,0.7785500000000002,24.37570529513889,26.284578765345035
511,63.451835305950745,10.415281319240822,0.8101500000000004,24.37570529513889,26.284578765345035
512,63.45182361976235,10.415284735778886,0.82325,24.37570529513889,26.284578765345035
513,63.451811264777945,10.415291768787249,0.8098499999999997,24.37570529513889,26.284578765345035
514,63.45179864164632,10.415301286881256,0.8252499999999996,24.37570529513889,26.284578765345035
515,63.45178526527701,10.415309762504933,0.8806999999999998,24.37570529513889,26.284578765345035
516,63.45177131308736,10.415317886131584,0.8948,24.37570529513889,26.284578765345035
517,63.45175686368,10.415325462839087,0.8839500000000005,24.37570529513889,26.284578765345035
518,63.45174236127202,10.415332471725728,0.86685,24.589163886176216,26.290719009374325
519,63.45172829814039,10.41534013803286,0.8791,24.589163886176216,26.290719009374325
520,63.451714202220245,10.41534901024028,0.8978999999999999,24.589163886176216,26.290719009374325
521,63.45169988621276,10.415358243110616,0.8876500000000002,24.589163886176216,26.290719009374325
522,63.45168571842736,10.415367438856569,0.8773499999999999,24.589163886176216,26.290719009374325
523,63.45167152998069,10.41537739833392,0.8830500000000001,24.19424608018663,26.27935899950776
524,63.451656860036834,10.41538764298318,0.8705500000000003,24.19424608018663,26.27935899950776
525,63.45164245285031,10.41539691898626,0.8622,24.19424608018663,26.27935899950776
526,63.45162847281288,10.41540632883092,0.8755500000000002,24.19424608018663,26.27935899950776
527,63.45161396007426,10.415416013774562,0.8808,24.19424608018663,26.27935899950776
528,63.45159949988712,10.415426088645845,0.8831000000000001,24.19424608018663,26.27935899950776
529,63.45158515693016,10.415435368660088,0.8823499999999997,24.19424608018663,26.27935899950776
530,63.45157091862698,10.41544432713514,0.8853499999999996,24.19424608018663,26.27935899950776
531,63.45155663226391,10.415453067509452,0.9007500000000002,24.19424608018663,26.27935899950776
532,63.45154210290646,10.41546144297428,0.8960999999999999,24.19424608018663,26.27935899950776
533,63.45152786370496,10.4154700527121,0.8878500000000003,24.19424608018663,26.27935899950776
534,63.45151366313103,10.415478209236298,0.8806499999999998,24.19424608018663,26.27935899950776
535,63.45149937362386,10.41548618783932,0.8666500000000001,24.19424608018663,26.27935899950776
536,63.45148526512729,10.415494565473752,0.85745,24.19424608018663,26.27935899950776
537,63.45147122265692,10.415502988351994,0.8685999999999998,24.19424608018663,26.27935899950776
538,63.45145723139055,10.415511439383463,0.8824499999999997,24.19424608018663,26.27935899950776
539,63.45144330929448,10.415519656290734,0.8826500000000002,24.19424608018663,26.27935899950776
540,63.45142934318094,10.415527771672254,0.8661000000000001,24.19424608018663,26.27935899950776
541,63.45141538155898,10.4155361021019,0.8624500000000002,24.19424608018663,26.27935899950776
542,63.45140137816534,10.415544040583564,0.8152499999999996,24.19424608018663,26.27935899950776
543,63.45138753826516,10.415552364018824,0.6871999999999996,23.667088826497395,25.83662986523317
544,63.45137361482161,10.415561122539406,0.5537499999999997,23.667088826497395,25.83662986523317
545,63.45135958717346,10.41557046787845,0.4538999999999999,23.667088826497395,25.83662986523317
546,63.45134574817158,10.41558047051496,0.4151500000000001,23.128523084852432,25.599737934751573
547,63.451332270741766,10.415590554707787,0.4288499999999999,23.128523084852432,25.599737934751573
548,63.451318654522176,10.415600861919476,0.4299,23.128523084852432,25.599737934751573
549,63.45130486762261,10.415611073574752,0.4056500000000002,23.128523084852432,25.599737934751573
550,63.45129093384844,10.415620178734354,0.3711000000000001,23.128523084852432,25.599737934751573
551,63.45127725384844,10.415628230846425,0.3473499999999999,23.128523084852432,25.599737934751573
552,63.45126403962511,10.415636096251964,0.3705000000000001,23.128523084852432,25.599737934751573
553,63.45125052536434,10.415645045818804,0.42295,23.128523084852432,25.599737934751573
554,63.451236837728665,10.415654181206582,0.45185,23.128523084852432,25.599737934751573
555,63.4512232947218,10.415662361980468,0.4271,23.128523084852432,25.599737934751573
556,63.45120995383596,10.415669867535868,0.41125,23.128523084852432,25.599737934751573
557,63.45119625407302,10.415677780913615,0.40285,23.41196526421441,25.7244119714697
558,63.45118229559517,10.415686400619826,0.36705,23.41196526421441,25.7244119714697
559,63.45116839460951,10.415693977241183,0.3214,23.41196526421441,25.7244119714697
560,63.45115573599441,10.415700789693735,0.3179000000000001,23.41196526421441,25.7244119714697
561,63.451143465451686,10.415709421218557,0.3603,23.41196526421441,25.7244119714697
562,63.45113001586965,10.415718425008723,0.43455,23.41196526421441,25.7244119714697
563,63.4511162298684,10.415725136422967,0.4724499999999998,23.41196526421441,25.7244119714697
564,63.45110294647476,10.415731191856842,0.4838,23.41196526421441,25.7244119714697
565,63.45108944973116,10.41573767728834,0.4568999999999999,23.41196526421441,25.7244119714697
566,63.451075145850936,10.415743668923598,0.3775999999999999,23.41196526421441,25.7244119714697
567,63.45106166707364,10.415750348299476,0.3580499999999999,23.41196526421441,25.7244119714697
568,63.45104894872056,10.415758377622447,0.3787,23.41196526421441,25.7244119714697
569,63.451035371577696,10.415766622591708,0.4204999999999999,23.41196526421441,25.7244119714697
570,63.45102186585093,10.41577539014052,0.4293,23.41196526421441,25.7244119714697
571,63.45100838931943,10.41578306937635,0.4311999999999998,22.759435017903645,25.437391951826314
572,63.45099461005555,10.415791324276393,0.4367499999999999,22.759435017903645,25.437391951826314
573,63.450980418015625,10.415799361913976,0.4000499999999998,22.759435017903645,25.437391951826314
574,63.45096657766628,10.415806941470306,0.3541500000000001,22.759435017903645,25.437391951826314
575,63.45095333245106,10.415814613750928,0.3443999999999999,22.759435017903645,25.437391951826314
576,63.450940017616375,10.415823561220453,0.37135,22.759435017903645,25.437391951826314
577,63.45092633042985,10.415831853306264,0.38905,22.759435017903645,25.437391951826314
578,63.45091279056709,10.415839504322635,0.39875,22.759435017903645,25.437391951826314
579,63.45089962979354,10.41584811720655,0.46195,22.759435017903645,25.437391951826314
580,63.450886460036834,10.415856995373636,0.5366000000000001,22.759435017903645,25.437391951826314
581,63.45087345646853,10.415865405324809,0.6094499999999998,22.759435017903645,25.437391951826314
582,63.45085996556397,10.415873338712789,0.6812999999999999,22.759435017903645,25.437391951826314
583,63.45084643693016,10.415881519282118,0.7169000000000001,22.759435017903645,25.437391951826314
584,63.45083292356772,10.415888271881425,0.7320000000000002,22.759435017903645,25.437391951826314
585,63.45081989484657,10.415895517106792,0.7510999999999999,23.461451212565105,26.258279785554645
586,63.45080642639991,10.415903685623851,0.7753999999999998,23.461451212565105,26.258279785554645
587,63.450792433786056,10.415911764448444,0.7748500000000001,23.461451212565105,26.258279785554645
588,63.45077935341176,10.41591957237394,0.7832499999999999,23.461451212565105,26.258279785554645
589,63.45076634445356,10.415927689836096,0.8102000000000003,23.461451212565105,26.258279785554645
590,63.45075272104744,10.415936427023622,0.8326000000000002,23.461451212565105,26.258279785554645
591,63.45073912189585,10.415945320978969,0.8362,23.461451212565105,26.258279785554645
592,63.4507258003238,10.415953912582648,0.8364,23.461451212565105,26.258279785554645
593,63.45071249851469,10.415962139408874,0.8390000000000001,23.461451212565105,26.258279785554645
594,63.45069899458456,10.415971258482424,0.8356999999999999,23.461451212565105,26.258279785554645
595,63.45068517220152,10.41597963678479,0.8299500000000002,23.764877319335938,26.267007990549235
596,63.45067204780976,10.415987734039966,0.8270000000000002,23.11539035373264,26.248325170414116
597,63.45065918392954,10.415996001239789,0.8446999999999999,23.11539035373264,26.248325170414116
598,63.450645452725546,10.416004632796378,0.8483999999999998,23.11539035373264,26.248325170414116
599,63.45063185132816,10.416012395170238,0.8406999999999998,23.11539035373264,26.248325170414116
600,63.45061892097258,10.41601987347136,0.85405,23.11539035373264,26.248325170414116
601,63.450605763792296,10.416027838027322,0.8649500000000003,23.11539035373264,26.248325170414116
602,63.45059199171494,10.416035371181447,0.8605500000000001,23.11539035373264,26.248325170414116
603,63.450578428945136,10.41604270445422,0.84705,23.11539035373264,26.248325170414116
604,63.45056504314351,10.41604982175228,0.8440999999999999,23.11539035373264,26.248325170414116
605,63.45055192234501,10.416056771353176,0.8392999999999999,23.11539035373264,26.248325170414116
606,63.45053871575736,10.41606428163763,0.8375499999999999,23.11539035373264,26.248325170414116
607,63.4505249809601,10.416071849945745,0.8384000000000003,23.11539035373264,26.248325170414116
608,63.4505117856014,10.416079467745153,0.8385,23.11539035373264,26.248325170414116
609,63.450499101833465,10.416086983284025,0.8529,23.11539035373264,26.248325170414116
610,63.450485818888986,10.416095609939552,0.8464,23.11539035373264,26.248325170414116
611,63.450472300136646,10.416103367242172,0.8314000000000001,23.11539035373264,26.248325170414116
612,63.4504593661878,10.416111204205093,0.8396500000000001,23.11539035373264,26.248325170414116
613,63.45044636845854,10.416119247132915,0.8535999999999998,23.11539035373264,26.248325170414116
614,63.4504331501928,10.416127327128228,0.8555499999999998,23.11539035373264,26.248325170414116
615,63.45041985916348,10.416135405071248,0.8573999999999999,23.11539035373264,26.248325170414116
616,63.45040661709236,10.416143361438714,0.8595500000000001,23.11539035373264,26.248325170414116
617,63.45039345362386,10.416150816396998,0.8367500000000003,23.11539035373264,26.248325170414116
618,63.4503804271485,10.4161586582967,0.8049999999999999,23.11539035373264,26.248325170414116
619,63.45036746086029,10.416166478110782,0.7837,23.11539035373264,26.248325170414116
620,63.45035454577607,10.416174357230895,0.80115,23.11539035373264,26.248325170414116
621,63.4503417825072,10.41618295993622,0.8320000000000002,22.25902811686198,26.223691478763197
622,63.45032882026141,10.416191362565131,0.8464000000000003,22.25902811686198,26.223691478763197
623,63.45031576908237,10.416199840509888,0.8393499999999999,22.25902811686198,26.223691478763197
624,63.450302701733655,10.4162078421231,0.83765,22.25902811686198,26.223691478763197
625,63.450289518053054,10.416216107957554,0.8331500000000002,22.25902811686198,26.223691478763197
626,63.4502762881092,10.416224161731208,0.8173499999999997,22.25902811686198,26.223691478763197
627,63.45026322076048,10.416231952296508,0.8196,22.25902811686198,26.223691478763197
628,63.45025023830259,10.416240769887551,0.8320500000000001,22.25902811686198,26.223691478763197
629,63.45023682914476,10.41624886977638,0.8274999999999999,22.25902811686198,26.223691478763197
630,63.45022395044233,10.416257015135129,0.8186000000000002,22.25902811686198,26.223691478763197
631,63.45021132551407,10.416264959633372,0.8206999999999999,22.25902811686198,26.223691478763197
632,63.4501979486956,10.41627303137889,0.8366500000000002,22.25902811686198,26.223691478763197
633,63.45018454627514,10.416281056879834,0.8316000000000002,22.25902811686198,26.223691478763197
634,63.45017188586341,10.416288421522662,0.8188500000000001,22.25902811686198,26.223691478763197
635,63.45015915134064,10.416296099645736,0.83285,22.706653171115452,26.23656763920904
636,63.45014543855212,10.416304095832148,0.8331999999999999,22.706653171115452,26.23656763920904
637,63.450132149768585,10.416311353630906,0.8245500000000001,22.706653171115452,26.23656763920904
638,63.45011998432879,10.416318799883696,0.8431,22.706653171115452,26.23656763920904
639,63.45010684241987,10.41632689480525,0.8637500000000001,22.706653171115452,26.23656763920904
640,63.450092976468525,10.4163342668578,0.8588000000000001,22.706653171115452,26.23656763920904
641,63.45008004880789,10.416341175108178,0.8704000000000003,22.706653171115452,26.23656763920904
642,63.45006752628762,10.416348401091852,0.87995,22.706653171115452,26.23656763920904
643,63.450053979238334,10.416355855679866,0.8466500000000003,22.706653171115452,26.23656763920904
644,63.45004003109111,10.416363512044676,0.8091500000000001,22.706653171115452,26.23656763920904
645,63.45002716227015,10.41637044742956,0.8130499999999998,22.706653171115452,26.23656763920904
646,63.45001476686154,10.416378078414391,0.8442000000000002,22.706653171115452,26.23656763920904
647,63.45000126472804,10.41638597514186,0.8564,21.717178344726562,26.20810489678513
648,63.4499877513656,10.416394062782617,0.8450000000000001,21.717178344726562,26.20810489678513
649,63.4499747774417,10.41640148645853,0.8486500000000003,21.717178344726562,26.20810489678513
650,63.44996187313727,10.416409182482791,0.8498999999999999,21.717178344726562,26.20810489678513
651,63.44994848553902,10.41641722996834,0.8304499999999997,21.717178344726562,26.20810489678513
652,63.44993485809049,10.416425117553576,0.8151500000000003,21.717178344726562,26.20810489678513
653,63.44992173055461,10.416432729037307,0.8193999999999999,21.717178344726562,26.20810489678513
654,63.44990903825268,10.41644039499144,0.8337,21.717178344726562,26.20810489678513
655,63.4498955805858,10.416448765981732,0.8441999999999998,21.717178344726562,26.20810489678513
656,63.44988176988088,10.416456580091456,0.8365,21.717178344726562,26.20810489678513
657,63.449868866474766,10.416464672990305,0.8265000000000002,21.717178344726562,26.20810489678513
658,63.44985616204557,10.416472662478396,0.8329999999999996,21.717178344726562,26.20810489678513
659,63.44984269359891,10.416481288669694,0.8341,21.717178344726562,26.20810489678513
660,63.44982923638119,10.416489667660546,0.8300000000000003,21.717178344726562,26.20810489678513
661,63.44981645784095,10.416497728435552,0.8339500000000003,21.717178344726562,26.20810489678513
662,63.44980368424145,10.416505742981853,0.8415000000000001,21.717178344726562,26.20810489678513
663,63.44979026385468,10.41651433600492,0.8352,21.717178344726562,26.20810489678513
664,63.44977694407925,10.416522622585138,0.8221,21.717178344726562,26.20810489678513
665,63.44976419428512,10.416530766748927,0.8269000000000002,21.717178344726562,26.20810489678513
666,63.449751355108575,10.41653899727969,0.8410499999999999,21.717178344726562,26.20810489678513
667,63.44973807979978,10.41654755617798,0.8403500000000002,21.717178344726562,26.20810489678513
668,63.44972483997445,10.41655541268478,0.8467,21.717178344726562,26.20810489678513
669,63.4497121032059,10.416563368915805,0.8394499999999997,21.717178344726562,26.20810489678513
670,63.44969886338057,10.416571377142755,0.8172,21.717178344726562,26.20810489678513
671,63.44968554585093,10.416579407430689,0.8088000000000001,21.717178344726562,26.20810489678513
672,63.44967282749785,10.41658745810649,0.8322,20.775707668728298,26.18102301795816
673,63.44965992633752,10.416595359964354,0.8595999999999998,20.775707668728298,26.18102301795816
674,63.44964666450346,10.416603049609384,0.8454500000000001,20.775707668728298,26.18102301795816
675,63.44963353382349,10.416610167545844,0.8355499999999999,20.775707668728298,26.18102301795816
676,63.44962048578855,10.416617423183082,0.8314999999999999,21.154403686523438,26.191916399905836
677,63.44960766278169,10.416624353350766,0.8229000000000003,21.154403686523438,26.191916399905836
678,63.449594643043696,10.416631177903652,0.8158,21.154403686523438,26.191916399905836
679,63.44958131203933,10.416638521807938,0.8000999999999999,21.154403686523438,26.191916399905836
680,63.449568403243326,10.416645361476418,0.80815,21.154403686523438,26.191916399905836
681,63.44955589240115,10.4166529991963,0.8295499999999997,21.154403686523438,26.191916399905836
682,63.44954283762885,10.416661057673616,0.82775,21.154403686523438,26.191916399905836
683,63.44952970515224,10.41666884579766,0.8165000000000002,21.154403686523438,26.191916399905836
684,63.449516923467904,10.416676913440808,0.82205,21.154403686523438,26.191916399905836
685,63.44950432054838,10.416685506707037,0.8307500000000003,21.154403686523438,26.191916399905836
686,63.44949131742923,10.41669409474084,0.8215999999999999,21.154403686523438,26.191916399905836
687,63.449477976543385,10.416702555985466,0.8076000000000001,21.154403686523438,26.191916399905836
688,63.44946498959391,10.416710903851,0.8128500000000001,21.154403686523438,26.191916399905836
689,63.44945217961263,10.416718671995788,0.83575,21.154403686523438,26.191916399905836
690,63.44943891822773,10.41672606007142,0.8384499999999999,21.154403686523438,26.191916399905836
691,63.44942551086653,10.416733742489434,0.8227500000000003,21.154403686523438,26.191916399905836
692,63.44941231371119,10.416741132593208,0.81125,21.154403686523438,26.191916399905836
693,63.44939927421026,10.416748317779197,0.8231499999999998,21.154403686523438,26.191916399905836
694,63.449386010579566,10.416755900767964,0.8354999999999999,21.154403686523438,26.191916399905836
695,63.449372627023735,10.416763657528954,0.8294000000000002,21.154403686523438,26.191916399905836
696,63.44935943660577,10.416771086797947,0.8190500000000001,21.154403686523438,26.191916399905836
697,63.44934644875799,10.416778448837103,0.8158000000000003,21.154403686523438,26.191916399905836
698,63.44933329472181,10.416786281056504,0.8048,20.17928229437934,26.163866541257153
699,63.44932013529573,10.416794514201758,0.7902000000000001,20.17928229437934,26.163866541257153
700,63.44930708007426,10.416802446941588,0.8007499999999999,20.17928229437934,26.163866541257153
701,63.44929417127826,10.416810382762712,0.8244499999999999,20.17928229437934,26.163866541257153
702,63.44928120184594,10.416818795849869,0.8276999999999999,20.17928229437934,26.163866541257153
703,63.4492679696563,10.416827257029285,0.81125,20.17928229437934,26.163866541257153
704,63.44925474779728,10.416835077112278,0.8092500000000001,20.17928229437934,26.163866541257153
705,63.44924183630633,10.416842894330664,0.8331500000000001,20.17928229437934,26.163866541257153
706,63.449228935595166,10.41685132450496,0.8538499999999999,20.17928229437934,26.163866541257153
707,63.44921536788462,10.41685928406471,0.8314500000000002,20.17928229437934,26.163866541257153
708,63.44920201307489,10.416866797572654,0.8057000000000001,20.17928229437934,26.163866541257153
709,63.449189471689984,10.416874490349134,0.8172000000000003,20.17928229437934,26.163866541257153
710,63.44917643578231,10.416882778741767,0.83585,20.17928229437934,26.163866541257153
711,63.44916285998693,10.416890152442674,0.82835,20.17928229437934,26.163866541257153
712,63.4491499471485,10.416897784718866,0.8277499999999998,20.17928229437934,26.163866541257153
713,63.449137129531536,10.416906065161712,0.8467,20.17928229437934,26.163866541257153
714,63.44912371094139,10.416913891101542,0.8500999999999997,20.17928229437934,26.163866541257153
715,63.44911054432879,10.416921705104194,0.8364499999999998,20.59158664279514,26.17572668378553
716,63.4490974904548,10.416929365415996,0.8317,20.59158664279514,26.17572668378553
717,63.44908409971245,10.416937088854253,0.8272000000000002,20.59158664279514,26.17572668378553
718,63.44907072109735,10.416944871577195,0.8236500000000001,20.59158664279514,26.17572668378553
719,63.44905776019903,10.416952337980645,0.8254500000000002,20.59158664279514,26.17572668378553
720,63.449044687460415,10.416960263532989,0.8249999999999998,20.59158664279514,26.17572668378553
721,63.449031353311945,10.416967635276958,0.8104000000000002,20.59158664279514,26.17572668378553
722,63.449018261259546,10.416975172936528,0.8087,20.59158664279514,26.17572668378553
723,63.44900533719217,10.41698271971865,0.8184000000000001,20.59158664279514,26.17572668378553
724,63.44899228511481,10.41699064223866,0.8382499999999998,19.572389390733505,26.146408960796606
725,63.448979094696845,10.416998479269282,0.8350000000000003,19.572389390733505,26.146408960796606
726,63.44896587867689,10.417006369536043,0.8213999999999999,19.572389390733505,26.146408960796606
727,63.44895284276921,10.417014252853935,0.8173999999999998,19.572389390733505,26.146408960796606
728,63.44893988321837,10.417022099024775,0.8247499999999999,19.572389390733505,26.146408960796606
729,63.448926907947005,10.417030069780331,0.8243499999999997,19.572389390733505,26.146408960796606
730,63.44891395737932,10.41703845855366,0.8300000000000003,19.572389390733505,26.146408960796606
731,63.44890104454089,10.417046419278272,0.8388499999999999,19.572389390733505,26.146408960796606
732,63.44888809576984,10.41705444026743,0.8336500000000002,19.572389390733505,26.146408960796606
733,63.44887523458456,10.41706192772647,0.8106500000000004,19.572389390733505,26.146408960796606
734,63.44886231186466,10.417069754781531,0.7977999999999998,19.572389390733505,26.146408960796606
735,63.44884953107863,10.417078139586012,0.8305,19.572389390733505,26.146408960796606
736,63.44883717789086,10.417086611018938,0.9436500000000002,19.572389390733505,26.146408960796606
737,63.448824996281374,10.417095377954196,1.06075,19.572389390733505,26.146408960796606
738,63.44881242659953,10.417104152720617,1.1600499999999998,19.572389390733505,26.146408960796606
739,63.44879954205805,10.41711215861947,1.2081000000000004,19.572389390733505,26.146408960796606
740,63.44878668536435,10.417118992890405,1.23225,19.572389390733505,26.146408960796606
741,63.44877390098506,10.417125365974467,1.2333000000000005,19.572389390733505,26.146408960796606
742,63.44876099623147,10.417131500845503,1.2346,19.572389390733505,26.146408960796606
743,63.448748066325045,10.417137520142395,1.24575,19.572389390733505,26.146408960796606
744,63.44873551775362,10.417143924481236,1.251,21.75739034016927,26.580046766653595
745,63.44872301814039,10.41715044941945,1.2658499999999997,21.75739034016927,26.580046766653595
746,63.44871042644981,10.41715777113465,1.2734000000000003,21.75739034016927,26.580046766653595
747,63.44869777636871,10.41716522344105,1.28,21.75739034016927,26.580046766653595
748,63.44868517165256,10.41717288175436,1.2829500000000005,21.75739034016927,26.580046766653595
749,63.44867265991207,10.417180676765822,1.2809,21.132870144314236,26.526734772340998
750,63.44865985846479,10.417188413340234,1.2803999999999998,21.132870144314236,26.526734772340998
751,63.4486469653893,10.417196620119675,1.29455,21.132870144314236,26.526734772340998
752,63.44863429599442,10.41720447330854,1.2994000000000003,21.132870144314236,26.526734772340998
753,63.44862167196448,10.417211890419072,1.3007000000000006,21.132870144314236,26.526734772340998
754,63.448608640099216,10.417219670053592,1.3033499999999996,21.132870144314236,26.526734772340998
755,63.44859555658081,10.417227467741052,1.3039999999999998,21.132870144314236,26.526734772340998
756,63.44858274794701,10.41723507565229,1.3063999999999996,21.53057183159722,26.560684467212774
757,63.44856993976235,10.41724283428074,1.306499999999999,21.53057183159722,26.560684467212774
758,63.44855679291269,10.41725040683336,1.3044500000000003,21.53057183159722,26.560684467212774
759,63.44854372152155,10.417257908075802,1.3035999999999996,21.53057183159722,26.560684467212774
760,63.44853076780976,10.417265458609087,1.30855,21.53057183159722,26.560684467212774
761,63.44851747139055,10.41727241108695,1.3128500000000003,21.53057183159722,26.560684467212774
762,63.44850428905743,10.417279251077694,1.3079499999999995,21.53057183159722,26.560684467212774
763,63.4484913366931,10.417286225828358,1.30055,21.53057183159722,26.560684467212774
764,63.44847804746042,10.41729344155412,1.3003499999999997,21.53057183159722,26.560684467212774
765,63.44846475732941,10.417300673349857,1.30505,21.53057183159722,26.560684467212774
766,63.44845179643109,10.41730823388743,1.3140500000000004,21.53057183159722,26.560684467212774
767,63.4484386585646,10.41731590988,1.3239500000000004,21.53057183159722,26.560684467212774
768,63.44842538999317,10.417323751592477,1.3185500000000003,21.53057183159722,26.560684467212774
769,63.448412146574576,10.417331805327803,1.30915,21.53057183159722,26.560684467212774
770,63.4483989871485,10.417339840008102,1.30465,21.53057183159722,26.560684467212774
771,63.44838601412293,10.417348108901464,1.30065,21.53057183159722,26.560684467212774
772,63.448372768009385,10.417356214863588,1.3056500000000002,21.53057183159722,26.560684467212774
773,63.44835939164008,10.41736437601487,1.3165000000000002,21.53057183159722,26.560684467212774
774,63.44834627757894,10.417372216759452,1.3228500000000003,21.53057183159722,26.560684467212774
775,63.44833340920714,10.417380197295422,1.318,20.88961622450087,26.5059694685515
776,63.44832155997445,10.417390188997503,1.3003499999999997,20.88961622450087,26.5059694685515
777,63.44831125270059,10.417402771918129,1.2602500000000003,20.88961622450087,26.5059694685515
778,63.44830230368,10.417418489565188,1.2354000000000005,17.944412231445312,26.099579376737424
779,63.44829473581974,10.41743740826788,1.2224500000000005,17.944412231445312,26.099579376737424
780,63.44828976004931,10.417459606036426,1.2229000000000003,17.944412231445312,26.099579376737424
781,63.448287649456674,10.417484135478691,1.2293999999999998,17.944412231445312,26.099579376737424
782,63.4482889475228,10.417509035489813,1.2321,17.944412231445312,26.099579376737424
783,63.44829322350533,10.417531773715114,1.2329500000000004,17.944412231445312,26.099579376737424
784,63.44829906839616,10.417553784289218,1.2412499999999995,17.944412231445312,26.099579376737424
785,63.44830430198319,10.417576812425642,1.3149499999999994,20.88961622450087,26.5059694685515
786,63.44830834440365,10.417601090931823,1.41245,20.88961622450087,26.5059694685515
787,63.44831060860827,10.417627241473133,1.4462500000000005,20.88961622450087,26.5059694685515
788,63.44831082644981,10.41765527093546,1.3965999999999996,20.88961622450087,26.5059694685515
789,63.448310145077386,10.417684155015015,1.3337,20.88961622450087,26.5059694685515
790,63.448310811178445,10.417712278165812,1.2926999999999995,20.88961622450087,26.5059694685515
791,63.44831365883908,10.41773917259586,1.27485,20.88961622450087,26.5059694685515
792,63.448318365114815,10.41776501297507,1.2659499999999997,20.88961622450087,26.5059694685515
793,63.44832430612542,10.417790572680213,1.2702500000000003,20.88961622450087,26.5059694685515
794,63.44833066081039,10.417816673210943,1.3003,20.88961622450087,26.5059694685515
795,63.44833632603808,10.417844184143185,1.3236999999999992,20.88961622450087,26.5059694685515
796,63.44834069499629,10.417873527169911,1.3351499999999992,20.421729193793404,26.46602842119135
797,63.44834387413541,10.417904075339836,1.3255499999999998,20.421729193793404,26.46602842119135
798,63.44834645454713,10.41793466438806,1.3192499999999996,20.421729193793404,26.46602842119135
799,63.44834953127826,10.417964988440747,1.30735,20.421729193793404,26.46602842119135
800,63.44835326153403,10.417995230462124,1.3093,20.421729193793404,26.46602842119135
801,63.44835738659953,10.418024824600138,1.31735,20.421729193793404,26.46602842119135
802,63.44836199046728,10.418053722670557,1.32565,20.421729193793404,26.46602842119135
803,63.44836677309984,10.418083437765638,1.3239499999999995,20.421729193793404,26.46602842119135
804,63.44837114610046,10.418113729410734,1.3204499999999997,20.421729193793404,26.46602842119135
805,63.44837531069186,10.418143788837035,1.3188500000000003,20.421729193793404,26.46602842119135
806,63.44837945821525,10.418173564903816,1.3279499999999995,20.421729193793404,26.46602842119135
807,63.44838369557021,10.418203537973442,1.3333999999999997,20.421729193793404,26.46602842119135
808,63.4483878516276,10.41823384360186,1.3298499999999998,20.421729193793404,26.46602842119135
809,63.44839191381101,10.418263980377295,1.3181500000000004,20.421729193793404,26.46602842119135
810,63.448396093673765,10.41829348017151,1.3204500000000003,20.421729193793404,26.46602842119135
811,63.44840071056709,10.418322958112194,1.3271500000000005,20.421729193793404,26.46602842119135
812,63.44840527490895,10.41835291935116,1.3336499999999996,20.421729193793404,26.46602842119135
813,63.448409539662535,10.418382709612535,1.3294499999999996,20.421729193793404,26.46602842119135
814,63.448413706499714,10.418412192353,1.3182,20.421729193793404,26.46602842119135
815,63.44841789265068,10.418442111204737,1.3200500000000004,19.546681722005207,26.391330235049658
816,63.448421398776695,10.418471892021852,1.3167500000000003,19.546681722005207,26.391330235049658
817,63.44842155732941,10.41850103189174,1.2567999999999997,19.546681722005207,26.391330235049658
818,63.44841741339928,10.41852758191866,1.1357000000000004,16.362301296657986,26.054069157758697
819,63.44840983745418,10.418549093839088,1.0145000000000002,16.362301296657986,26.054069157758697
820,63.448400795008766,10.418565921454356,0.9377,16.362301296657986,26.054069157758697
821,63.44839024339304,10.418578759072004,0.8945499999999997,16.362301296657986,26.054069157758697
822,63.448378623230845,10.418587415024035,0.8980000000000002,16.362301296657986,26.054069157758697
823,63.448367587422986,10.418592014849937,0.9260500000000004,16.362301296657986,26.054069157758697
824,63.44835679595698,10.418593346138849,0.96245,16.362301296657986,26.054069157758697
825,63.44834482500252,10.418591991885458,1.0021499999999997,16.362301296657986,26.054069157758697
826,63.44833235233877,10.418592088304129,0.9958000000000002,16.362301296657986,26.054069157758697
827,63.44832081437246,10.418595019840405,0.9430499999999998,16.362301296657986,26.054069157758697
828,63.44830930155898,10.41860158279391,0.8847499999999998,16.362301296657986,26.054069157758697
829,63.44829691737932,10.418612270015428,0.8234500000000005,16.362301296657986,26.054069157758697
830,63.44828477215162,10.418625550791631,0.7664,16.362301296657986,26.054069157758697
831,63.44827306844607,10.418639666808936,0.7697,16.362301296657986,26.054069157758697
832,63.44826096993079,10.418652056318704,0.8207000000000001,16.362301296657986,26.054069157758697
833,63.44824825517096,10.418663624533776,0.8998499999999998,16.362301296657986,26.054069157758697
834,63.44823455226391,10.41867384271052,0.91965,16.362301296657986,26.054069157758697
835,63.44822005165256,10.418682303004426,0.8715500000000003,16.362301296657986,26.054069157758697
836,63.4482053731747,10.41868967698598,0.8284500000000001,16.362301296657986,26.054069157758697
837,63.44819139628137,10.418697232226805,0.8375999999999999,16.362301296657986,26.054069157758697
838,63.448178006886494,10.418704643103082,0.8631000000000002,16.362301296657986,26.054069157758697
839,63.44816427029261,10.41871303848873,0.8921999999999999,16.362301296657986,26.054069157758697
840,63.44815009487152,10.418721280884142,0.8722000000000003,16.362301296657986,26.054069157758697
841,63.44813595762885,10.41872918366746,0.8538500000000002,16.362301296657986,26.054069157758697
842,63.44812207730446,10.418737017258204,0.8377000000000001,14.93137953016493,26.012907971458393
843,63.4481080069863,10.418744896953744,0.8054,14.93137953016493,26.012907971458393
844,63.44809388546416,10.418753263944334,0.76215,14.93137953016493,26.012907971458393
845,63.44808059084158,10.418760671809084,0.7777500000000004,14.93137953016493,26.012907971458393
846,63.44806860326828,10.418767874431095,0.8593499999999998,14.93137953016493,26.012907971458393
847,63.44805650565131,10.418775788387432,0.9126,14.93137953016493,26.012907971458393
848,63.44804312973116,10.418785286183402,0.8701499999999998,14.93137953016493,26.012907971458393
849,63.44802929836497,10.418793929623522,0.7742500000000001,14.93137953016493,26.012907971458393
850,63.44801711675549,10.41880150187573,0.7784499999999999,14.93137953016493,26.012907971458393
851,63.44800656244482,10.41880972014232,0.8471499999999998,14.93137953016493,26.012907971458393
852,63.44799558368,10.418819607139872,0.90615,14.93137953016493,26.012907971458393
853,63.44798313033004,10.418829388781203,0.9326,14.93137953016493,26.012907971458393
854,63.44797050360515,10.418837203912355,0.9138000000000002,14.93137953016493,26.012907971458393
855,63.447958952613256,10.418842978900036,0.9519499999999996,14.93137953016493,26.012907971458393
856,63.44794817327451,10.41884987066442,1.0503499999999997,14.93137953016493,26.012907971458393
857,63.447936823056175,10.41885875260916,1.135,14.93137953016493,26.012907971458393
858,63.44792418914476,10.418866897285818,1.2014,15.122438218858507,26.018403870999347
859,63.44791091608175,10.418873075188593,1.2308,15.122438218858507,26.018403870999347
860,63.44789771084157,10.418877996117953,1.2657499999999997,18.778064303927952,26.325717421095742
861,63.4478849444286,10.418883336298334,1.29595,18.778064303927952,26.325717421095742
862,63.44787218430383,10.418891092018567,1.2998500000000004,18.778064303927952,26.325717421095742
863,63.44785900691144,10.418900434070286,1.2877999999999998,18.778064303927952,26.325717421095742
864,63.447845441446695,10.418907508055744,1.3014000000000003,18.778064303927952,26.325717421095742
865,63.44783205115349,10.418913074936873,1.3217499999999998,18.778064303927952,26.325717421095742
866,63.44781885534563,10.418918565560656,1.342,18.778064303927952,26.325717421095742
867,63.44780561147788,10.418924429936558,1.3560000000000003,18.778064303927952,26.325717421095742
868,63.44779232988088,10.418931507076293,1.3507500000000006,16.882388644748264,26.16389359116763
869,63.447779126886495,10.418941157541346,1.3292999999999997,16.882388644748264,26.16389359116763
870,63.447765964765466,10.418950942664004,1.3101999999999996,16.882388644748264,26.16389359116763
871,63.44775256998069,10.4189589411144,1.3219,16.882388644748264,26.16389359116763
872,63.44773883608176,10.418966445000788,1.3412000000000004,16.882388644748264,26.16389359116763
873,63.44772493329947,10.418973036427516,1.34775,16.882388644748264,26.16389359116763
874,63.447711340436086,10.41897945118396,1.3614000000000006,16.882388644748264,26.16389359116763
875,63.447698156755486,10.41898653637014,1.35205,16.882388644748264,26.16389359116763
876,63.44768478577608,10.418994451400874,1.3194999999999997,16.882388644748264,26.16389359116763
877,63.44767113721712,10.419002462722926,1.2795999999999998,16.882388644748264,26.16389359116763
878,63.44765793646853,10.41901069233811,1.28595,16.882388644748264,26.16389359116763
879,63.44764524641238,10.419018886070562,1.32165,16.882388644748264,26.16389359116763
880,63.44763236860826,10.419027453469113,1.3570499999999996,16.882388644748264,26.16389359116763
881,63.44761908970621,10.419035735265254,1.3554000000000004,16.882388644748264,26.16389359116763
882,63.44760574163384,10.419043651269307,1.33875,16.882388644748264,26.16389359116763
883,63.44759259702997,10.419050593742291,1.3281999999999996,16.882388644748264,26.16389359116763
884,63.447579744827856,10.41905763585383,1.3285500000000003,16.882388644748264,26.16389359116763
885,63.44756675518344,10.419064421657334,1.3186000000000002,16.882388644748264,26.16389359116763
886,63.44755386076048,10.419071660670404,1.32445,16.882388644748264,26.16389359116763
887,63.44754119585717,10.419079740819583,1.3147999999999995,16.882388644748264,26.16389359116763
888,63.44752839485904,10.41908743303361,1.3048,16.882388644748264,26.16389359116763
889,63.44751554669934,10.419095992345408,1.3069499999999996,16.882388644748264,26.16389359116763
890,63.44750272908237,10.419104332623668,1.29155,16.882388644748264,26.16389359116763
891,63.44749000668687,10.419112438834777,1.2992999999999997,16.882388644748264,26.16389359116763
892,63.44747754704869,10.419120696915444,1.3165,16.882388644748264,26.16389359116763
893,63.44746496164632,10.419128734866977,1.3207999999999995,16.882388644748264,26.16389359116763
894,63.44745238477795,10.419135322910236,1.3454000000000002,14.598156399197048,25.968900735385354
895,63.44744057013041,10.419138244932215,1.4430500000000006,14.598156399197048,25.968900735385354
896,63.44742950916971,10.419136821697885,1.5358999999999998,14.598156399197048,25.968900735385354
897,63.44741854971869,10.419132294743866,1.5806499999999997,14.598156399197048,25.968900735385354
898,63.4474072947218,10.419125761065589,1.5931,15.190556844075521,26.01947083601261
899,63.4473961560568,10.41911760674395,1.6198,15.190556844075521,26.01947083601261
900,63.44738550607551,10.419107282382068,1.6935999999999996,15.190556844075521,26.01947083601261
901,63.44737538654962,10.419094599107009,1.8039500000000004,18.554311116536457,27.551329139925784
902,63.44736637554526,10.419078767498986,1.9629500000000004,18.554311116536457,27.551329139925784
903,63.44735898285655,10.419059306565796,2.108050000000001,18.554311116536457,27.551329139925784
904,63.44735310427888,10.4190363549062,2.1434500000000005,18.554311116536457,27.551329139925784
905,63.44734862887027,10.419010778576531,2.07325,18.554311116536457,27.551329139925784
906,63.44734685918843,10.418983340960892,1.95115,18.554311116536457,27.551329139925784
907,63.4473492931747,10.418956179088104,1.8526,18.554311116536457,27.551329139925784
908,63.44735504958144,10.418931518029302,1.825,18.554311116536457,27.551329139925784
909,63.44736172676173,10.418908587729195,1.8460499999999995,21.00423346625434,27.534807121566754
910,63.447367373573954,10.41888449931314,1.831,21.00423346625434,27.534807121566754
911,63.44737042784719,10.41885774370258,1.7862500000000003,21.00423346625434,27.534807121566754
912,63.44736982642486,10.418829949045335,1.766299999999999,21.00423346625434,27.534807121566754
913,63.447366169381816,10.41880244402009,1.7661999999999989,21.00423346625434,27.534807121566754
914,63.44736090839616,10.418774164398767,1.81035,21.00423346625434,27.534807121566754
915,63.44735584414164,10.418744272224416,1.87815,21.00423346625434,27.534807121566754
916,63.44735143026765,10.41871304507656,1.90725,21.00423346625434,27.534807121566754
917,63.44734786485281,10.418681092969573,1.9073000000000004,21.00423346625434,27.534807121566754
918,63.44734514385468,10.418648458099431,1.89905,21.00423346625434,27.534807121566754
919,63.447342772750495,10.418615359224964,1.88315,21.00423346625434,27.534807121566754
920,63.44734023411045,10.418582085428897,1.8545000000000005,21.00423346625434,27.534807121566754
921,63.44733744978107,10.418549109919931,1.82825,21.00423346625434,27.534807121566754
922,63.447334276031846,10.418516442665483,1.82585,21.00423346625434,27.534807121566754
923,63.447330714659415,10.418483907830993,1.8225000000000005,21.00423346625434,27.534807121566754
924,63.447326650230224,10.41845176760079,1.8208500000000003,21.00423346625434,27.534807121566754
925,63.44732227543297,10.418419805051789,1.81895,21.00423346625434,27.534807121566754
926,63.4473181755203,10.418387960225978,1.83675,22.153878106011284,27.52705403916942
927,63.4473145265621,10.41835604633155,1.85755,22.153878106011284,27.52705403916942
928,63.447311194260166,10.418323842240245,1.84545,22.153878106011284,27.52705403916942
929,63.44730784174613,10.41829115484555,1.8251,22.153878106011284,27.52705403916942
930,63.44730386490272,10.418258564575266,1.7999999999999996,22.153878106011284,27.52705403916942
931,63.44729966303122,10.41822689155396,1.7947999999999995,22.153878106011284,27.52705403916942
932,63.447295987123546,10.418195734285506,1.8056,22.153878106011284,27.52705403916942
933,63.44729291937558,10.418164585399296,1.83525,22.153878106011284,27.52705403916942
934,63.44728966477795,10.41813315809259,1.87285,22.153878106011284,27.52705403916942
935,63.44728637559516,10.418102215078044,1.8441,22.153878106011284,27.52705403916942
936,63.4472846625072,10.41807235106531,1.7127500000000002,19.06241183810764,26.34999066994438
937,63.44728595967501,10.41804411142641,1.5195500000000004,19.06241183810764,26.34999066994438
938,63.44729162759766,10.418020883007152,1.3780500000000002,19.06241183810764,26.34999066994438
939,63.44730047735437,10.41800497915964,1.4132,19.06241183810764,26.34999066994438
940,63.4473104760568,10.417991792857933,1.5456500000000002,19.06241183810764,26.34999066994438
941,63.44732009746665,10.417975484485314,1.5994000000000006,19.06241183810764,26.34999066994438
942,63.44732831346166,10.4179551140079,1.5246000000000002,20.813917371961807,26.49950745687787
943,63.44733382417907,10.417930608373362,1.3670499999999997,20.813917371961807,26.49950745687787
944,63.4473364993631,10.417903486745786,1.2254,16.846323649088543,26.067992304843624
945,63.44733820751032,10.41787696645302,1.2199000000000002,16.846323649088543,26.067992304843624
946,63.44733970969372,10.417859288239269,1.2662222222222224,20.813917371961807,26.49950745687787
