lat,lon,depth,mean_sinmod,mean_prior,mean_posterior,excursion_prob,prediction_error
63.446905,10.419426,2.0,15.928692287868923,27.569036036838686,63.83350225796649,0.0,0.7556764115620307
63.4472291517419,10.419844657572533,2.0,15.557786729600695,27.57153738486871,55.64507401060003,0.0,0.5621583616347509
63.44755330348381,10.42026332462451,2.0,17.131083170572918,27.560927239332898,43.04871426628307,9.145557704746285e-176,0.7299761238695691
63.44787745522571,10.420682001156298,2.0,20.085179646809895,27.54100512375223,34.871786046541246,2.1038245824793127e-10,1.0488890127443689
63.448201606967615,10.421100687168254,2.0,21.753221299913193,27.529756026482115,31.630229974063237,0.015378494409436649,1.296342700951161
63.448525758709515,10.421519382660742,2.0,22.125306871202255,27.52724672056853,30.945798780548888,0.0765080524783012,1.4357925678774937
63.44884991045142,10.421938087634127,2.0,22.21297878689236,27.526655470400637,30.649017547830763,0.10629112376187433,1.4577965601206275
63.44917406219332,10.422356802088766,2.0,22.437232123480904,27.5251431295117,29.951260002254724,0.1396076479826565,1.3428488285853506
63.44949821393523,10.422775526025026,2.0,22.68072001139323,27.523501072833966,28.961157965460217,0.20039783001755723,1.0695615212038483
63.44982236567713,10.423194259443266,2.0,22.789154052734375,27.52276980507685,28.54721788279466,0.09213452588801746,0.6419868229484372
63.45014651741903,10.42361300234385,2.0,22.834253946940105,27.522465656139175,31.823804795690208,0.0,0.1990658903151447
63.450470669160936,10.424031754727139,2.0,22.9534912109375,27.521661532586005,43.28027969746667,0.0,0.36972126215638523
63.450794820902836,10.424450516593497,2.0,23.195249769422745,27.520031138323834,45.40890849900815,6.285969356778639e-197,0.7628541795808803
63.45111897264474,10.424869287943286,2.0,23.30404493543837,27.51929743517994,42.01729124027142,2.2463150801946014e-27,1.1405466133969986
63.45144312438664,10.425288068776867,2.0,23.393512301974827,27.51869407668059,37.86538789673165,1.0981565910336398e-06,1.4435157551766158
63.45176727612855,10.425706859094603,2.0,23.492728339301216,27.51802497417193,34.46907970078558,0.009049182679264713,1.6543763195795587
63.45209142787045,10.426125658896858,2.0,23.718221028645832,27.51650427521851,32.10829236038323,0.09994395968460762,1.790228710761933
63.45241557961236,10.426544468183993,2.0,23.816604614257812,27.51584078667656,30.610821578828205,0.2286453913101738,1.8741400742455174
63.45273973135426,10.426963286956369,2.0,23.914874606662327,27.515178064195236,29.70237769099667,0.32294730510908676,1.9248549581029197
63.453063883096156,10.42738211521435,2.0,24.014507717556423,27.514506148986353,29.14992089546565,0.3817870248444635,1.9552474697006321
63.45338803483806,10.4278009529583,2.0,24.167287190755207,27.513475820306194,28.794238280773968,0.4192005785279975,1.9734460139229189
63.45371218657996,10.428219800188579,2.0,24.28506300184462,27.512681552637552,28.54247223917693,0.445213123489158,1.9843556461583916
63.45403633832187,10.42863865690555,2.0,24.385874430338543,27.512001690978845,28.346219261250404,0.4651969864288431,1.9908852366909586
63.45436049006377,10.429057523109575,2.0,24.504675971137154,27.511200505897047,28.183380242148356,0.4816208778773009,1.9947664995120762
63.45468464180568,10.42947639880102,2.0,24.723678588867188,27.509723575303216,28.044727364013,0.49552597511074287,1.9970453864043543
63.44709214909545,10.418700867283055,2.0,19.412517971462673,27.545541483262067,53.07156837694748,0.0,0.3199562142921291
63.44741630083735,10.4191195193827,2.0,18.554311116536457,27.551329139925784,32.96239875204914,0.0,0.056355902536390695
63.447740452579254,10.419538180961723,2.0,20.25597635904948,27.53985328870913,25.533342562411963,1.0,0.4684655380580275
63.448064604321154,10.419956852020482,2.0,20.67211405436198,27.53704689990965,25.69544801099502,0.9993561529005529,0.8461599137267443
63.44838875606306,10.420375532559342,2.0,21.265909830729168,27.533042403718255,28.83841602473457,0.2535086918668319,1.1241205883571013
63.44871290780496,10.420794222578666,2.0,21.797071668836807,27.529460304211373,31.071354327199263,0.03557727227645873,1.3046311260223784
63.44903705954687,10.421212922078814,2.0,22.167539808485245,27.526961906086463,31.169799389921373,0.04554689161748895,1.3696725111103314
63.44936121128877,10.42163163106015,2.0,22.371144612630207,27.525588816726117,29.51722628207553,0.1810906560954415,1.2903703968769962
63.449685363030675,10.422050349523033,2.0,22.52211676703559,27.5245706764136,26.80569889725491,0.8565187638974519,1.0590613169711713
63.450009514772574,10.422469077467829,2.0,22.60951911078559,27.523981244210482,24.14521952193396,0.9999999999999201,0.7227831238273194
63.45033366651448,10.4228878148949,2.0,22.780498928493923,27.52282817432338,25.42849202143948,1.0,0.39429104509095686
63.45065781825638,10.423306561804605,2.0,22.890616522894966,27.5220855528617,32.40291200390088,0.0,0.1542420339826453
63.45098196999828,10.42372531819731,2.0,23.033248901367188,27.52112365511993,35.05137816204074,5.006486108071321e-91,0.5908446252534525
63.45130612174019,10.424144084073374,2.0,23.138846503363716,27.520411516011087,33.6393409238863,1.3153964713896848e-07,1.0466197267397912
63.45163027348209,10.424562859433163,2.0,23.385086059570312,27.518750902372116,31.49824764871037,0.03345462625715493,1.3817484516784961
63.451954425223995,10.424981644277036,2.0,23.490615844726562,27.518039220612906,29.940296004750707,0.2264031541063008,1.6076364838380985
63.452278576965895,10.425400438605358,2.0,23.579781426323784,27.517437897319407,29.093167047616962,0.36109021988504253,1.7534575036781384
63.4526027287078,10.425819242418491,2.0,23.696850246853298,27.516648397520655,28.730505906365764,0.41510709277099583,1.8457473660478894
63.4529268804497,10.426238055716796,2.0,23.921300252278645,27.515134730317797,28.610305627477562,0.4331413052735467,1.9038187405565767
63.45325103219161,10.426656878500635,2.0,24.033984714084202,27.51437479817262,28.570137142720483,0.4398213405001254,1.9404162210843847
63.45357518393351,10.427075710770374,2.0,24.15258110894097,27.513574996573457,28.525094564585622,0.4458328660134169,1.9635201587416935
63.45389933567541,10.427494552526372,2.0,24.32220967610677,27.51243103937773,28.446945943972942,0.45452741610735653,1.9780436905745724
63.454223487417316,10.427913403768992,2.0,24.413681030273438,27.511814166196814,28.339064721830518,0.4657833354572126,1.9870589213709648
63.454547639159216,10.428332264498598,2.0,24.521852281358505,27.511084670669515,28.2146902821189,0.4784377331594528,1.992545338332094
63.45487179090112,10.428751134715553,2.0,24.664664374457466,27.510121560951223,28.08817579060348,0.4911694462221817,1.9958045567587717
63.44727929819089,10.417975725086817,2.0,22.153878106011284,27.52705403916942,32.64109672756157,0.0,0.12479314065893347
63.4476034499328,10.418394371713374,2.0,22.581034342447918,27.52417334248881,19.44864192172341,1.0,0.3465478427255134
63.4479276016747,10.418813027819239,2.0,21.82791476779514,27.52925230159966,17.396219354764103,1.0,0.5202267755397144
63.4482517534166,10.419231693404772,2.0,21.43973626030816,27.531870136580434,25.765697026604354,0.9999914697133471,0.7208156252250624
63.448575905158506,10.419650368470334,2.0,21.616527981228298,27.530677871830044,33.139433370857255,1.316900116654935e-08,0.9610740019281413
63.448900056900406,10.42006905301629,2.0,22.103927612304688,27.527390900039382,35.7113881286014,2.5786773804410923e-08,1.18996860793339
63.44922420864231,10.420487747043001,2.0,22.16411675347222,27.526984990809037,34.912504179101205,3.017114434447162e-05,1.3127016250949761
63.44954836038421,10.42090645055083,2.0,22.376907348632812,27.52554995344131,32.55401043632024,0.0027584138747906673,1.2810028656871002
63.44987251212612,10.42132516354014,2.0,22.56054009331597,27.524311553546994,30.09533107408376,0.03929262894310458,1.091437921914614
63.45019666386802,10.421743886011289,2.0,22.64392768012153,27.523749196441972,29.016064675247126,0.05202256796621567,0.790606412502078
63.45052081560993,10.422162617964643,2.0,22.69922383626302,27.523376284987428,30.12281120461831,3.991492504344452e-15,0.5227635338861363
63.45084496735183,10.422581359400564,2.0,22.86539035373264,27.52225567549031,30.684586320053693,5.630864923646188e-32,0.47879655781771857
63.45116911909373,10.423000110319414,2.0,23.01517062717014,27.521245573097538,28.92893502141323,0.03859986852519345,0.725025839045427
63.451493270835634,10.423418870721555,2.0,23.126317342122395,27.520496011355227,27.01004233027303,0.8081192076657122,1.0661115000914736
63.451817422577534,10.42383764060735,2.0,23.24905734592014,27.519668265693667,26.15180950647577,0.8446965747522941,1.3500977193222155
63.45214157431944,10.424256419977159,2.0,23.477052476671005,27.5181306905389,26.220561028543035,0.768204419177312,1.558136353497486
63.45246572606134,10.424675208831347,2.0,23.564476860894096,27.517541109697152,26.75428534917503,0.6660703137702384,1.703869119934185
63.45278987780325,10.425094007170275,2.0,23.661278618706596,27.51688828883532,27.391762026130866,0.574140690720981,1.8038559671227776
63.45311402954515,10.425512814994308,2.0,23.787187364366318,27.5160391735123,27.9313344240969,0.507817300053047,1.8718984201804125
63.453438181287055,10.425931632303804,2.0,24.04990471733941,27.514267435346984,28.288789379908064,0.46871294615669895,1.9179635435690172
63.453762333028955,10.42635045909913,2.0,24.16324191623264,27.513503101211622,28.461694271723502,0.45161942138036765,1.9487780809139346
63.454086484770855,10.426769295380646,2.0,24.255250718858505,27.51288260353489,28.4876538952483,0.44994859529857095,1.9689318357450154
63.45441063651276,10.427188141148715,2.0,24.338607788085938,27.5123204522372,28.417836903490535,0.45763416974371574,1.9817149765974549
63.45473478825466,10.4276069964037,2.0,24.58499315049913,27.510658855296523,28.29696381620111,0.470098221028748,1.989549108652344
63.45505893999657,10.428025861145962,2.0,24.697324964735245,27.50990130136943,28.160480610666585,0.48390530633349227,1.994187682568221
63.44746644728634,10.417250573411078,2.0,24.023212009006077,27.514447448161345,20.694916296360216,1.0,0.5794125022639142
63.447790599028245,10.417669214564345,2.0,23.33740743001302,27.519072442029472,19.56230342889602,1.0,0.5870337925719211
63.448114750770145,10.418087865196851,2.0,22.724056667751736,27.52320881498667,25.940945124203378,0.9999999999109533,0.5681370752812349
63.448438902512045,10.418506525308954,2.0,22.250957912868923,27.526399343174106,36.667492945845495,1.6788488346213063e-106,0.6292752984843628
63.44876305425395,10.41892519490102,2.0,22.441206190321182,27.525116328823387,42.26230456912059,6.295560223245608e-79,0.8716248183682788
63.44908720599585,10.419343873973407,2.0,22.386720445421005,27.52548377494985,42.21941332272307,5.306354297317534e-28,1.141768594036765
63.44941135773776,10.419762562526481,2.0,22.407772488064236,27.525341802190965,39.64114323470427,3.481998975363327e-12,1.3028267479198499
63.44973550947966,10.420181260560602,2.0,22.650436401367188,27.523705302311235,36.64761474014281,2.837741088625099e-07,1.314857585316904
63.450059661221566,10.420599968076132,2.0,22.685278998480904,27.52347032750509,34.38678814759015,2.5799813963256263e-06,1.1837109876936514
63.450383812963466,10.421018685073436,2.0,22.726437038845486,27.523192762014656,33.1590901942394,8.517391093781387e-09,0.9564419209450549
63.45070796470537,10.421437411552875,2.0,22.76708475748698,27.52291863808019,32.01816944359105,1.7995085959339285e-14,0.7283343924212113
63.45103211644727,10.421856147514807,2.0,22.938795301649307,27.52176064025082,29.151017675251016,0.001801079832151573,0.6288052193933363
63.45135626818917,10.422274892959601,2.0,23.097851223415798,27.52068798386241,25.451684021819396,0.9999820366252749,0.7852982419624678
63.45168041993108,10.422693647887616,2.0,23.171266343858505,27.520192880020474,23.55312669290096,0.9999864897695105,1.0293100569025684
63.45200457167298,10.423112412299215,2.0,23.26603020562066,27.519553802515023,23.604379742024992,0.9971948636558019,1.2597702331266576
63.45232872341489,10.42353118619476,2.0,23.435685899522568,27.518409662379447,24.65512985384853,0.9420186035763698,1.4587156808835697
63.45265287515679,10.423949969574613,2.0,23.58059522840712,27.51743240912385,25.920301727102597,0.786916476318732,1.6166164803759562
63.452977026898694,10.424368762439137,2.0,23.659037272135418,27.51690340424059,27.049358932134293,0.6238658595547811,1.735423519070768
63.453301178640594,10.424787564788694,2.0,23.80354987250434,27.51592882648033,27.891781929146564,0.5129952062411575,1.822531008432382
63.4536253303825,10.425206376623649,2.0,23.92612033420139,27.515102224192844,28.40834002293771,0.45425013467520603,1.8849223690824113
63.4539494821244,10.42562519794436,2.0,24.180501302083332,27.513386705730795,28.639289973320924,0.4317339313074068,1.9281172501802617
63.45427363386631,10.426044028751193,2.0,24.27188449435764,27.512770427104396,28.66697812434638,0.43085585646153945,1.956758172124817
63.45459778560821,10.426462869044508,2.0,24.40368143717448,27.511881602399754,28.572052911740435,0.4416953437932698,1.974895211345037
63.45492193735011,10.426881718824669,2.0,24.50922309027778,27.51116984060436,28.41949760448347,0.4576442588739652,1.9858866245851692
63.455246089092014,10.427300578092039,2.0,24.72003173828125,27.50974816927957,28.251297007393035,0.4747592205174004,1.992288746170749
63.447653596381784,10.416525412255627,2.0,25.721864488389755,27.502991914701997,21.03381598176671,0.9999999999999981,0.9414019594091253
63.44797774812369,10.416944047935404,2.0,23.83594428168403,27.51571036199583,25.468586258723903,0.9999956062632914,0.7546466291714148
63.44830189986559,10.417362693094349,2.0,23.253414577907986,27.51963888097994,33.32369511117936,7.897102104998982e-57,0.579685257414737
63.4486260516075,10.417781347732824,2.0,23.31293402777778,27.51923748807719,42.59331396910518,3.96327874556669e-269,0.6454436382856196
63.4489502033494,10.418200011851189,2.0,23.029022216796875,27.521152159435616,47.333279027386226,1.4905092139783083e-130,0.892285042752976
63.4492743550913,10.418618685449808,2.0,22.71185811360677,27.52329108075136,45.770979043061374,8.554914273961108e-42,1.1476130244876517
63.449598506833205,10.419037368529041,2.0,22.975935194227432,27.521510172725964,42.22537773210608,1.1544163503756367e-16,1.3167297257443074
63.449922658575105,10.419456061089255,2.0,22.897491455078125,27.52203918904296,39.14389188352742,1.539345100019665e-09,1.371160485915337
63.45024681031701,10.419874763130807,2.0,22.866736518012154,27.522246597100157,37.00348774787057,1.1210676470615354e-07,1.3186275429652987
63.45057096205891,10.420293474654061,2.0,22.86880323621962,27.522232659370182,35.35150343595787,1.0609108741270295e-07,1.1903483109747148
63.45089511380082,10.42071219565938,2.0,23.06275092230903,27.520924696597145,33.12378086603684,5.909950036800534e-07,1.0269238167341432
63.45121926554272,10.421130926147129,2.0,23.089548746744793,27.52074397489086,29.58839012009552,0.020310937550867287,0.8808065486721529
63.451543417284626,10.421549666117663,2.0,23.170006646050346,27.52020137528985,26.070037873892296,0.9979172391435699,0.8207025103761177
63.451867569026525,10.421968415571351,2.0,23.275984022352432,27.519486675023085,24.380171753003804,0.9999990921580716,0.8708665811128522
63.452191720768425,10.422387174508554,2.0,23.463060167100693,27.518225053201306,24.683307109549673,0.9986583189587563,1.0511325064815613
63.45251587251033,10.422805942929632,2.0,23.53582763671875,27.517734317048337,25.644225403450378,0.9254391490842846,1.2778732278443028
63.45284002425223,10.423224720834948,2.0,23.60036892361111,27.517299057405488,26.684780643071832,0.7266994110177549,1.4770340581045762
63.45316417599414,10.423643508224867,2.0,23.76715766059028,27.516174251725516,27.659372360901493,0.5507292129808165,1.6344746178456444
63.45348832773604,10.42406230509975,2.0,23.859983656141495,27.51554824298574,28.401579676115855,0.4480903858334293,1.7542903211079974
63.453812479477946,10.424481111459956,2.0,23.963704427083332,27.51484876102791,28.829503482197346,0.40342605908826545,1.8419568081714015
63.454136631219846,10.424899927305853,2.0,24.094982571072048,27.513963435047938,28.973425601780544,0.3940194859515925,1.9027858559764188
63.45446078296175,10.425318752637802,2.0,24.360856797960068,27.512170407257347,28.9180630290684,0.40389784962292646,1.942635608771719
63.45478493470365,10.425737587456162,2.0,24.464002821180557,27.51147480133763,28.75367587857688,0.4228061923973593,1.967375942506296
63.45510908644555,10.4261564317613,2.0,24.579930623372395,27.5106929964464,28.546180329116655,0.4447123871249802,1.982031116571969
63.45543323818746,10.426575285553575,2.0,24.730572170681423,27.509677085713328,28.33761507286995,0.46604232868861717,1.9903720881502442
63.44784074547723,10.415800241620257,2.0,26.166861640082466,27.499990900767482,25.47861452205147,0.9580976641115301,1.207588651303731
63.44816489721914,10.416218871826343,2.0,25.22012498643663,27.50637559307192,30.285055717269227,0.010158110235632591,0.9923428036394296
63.44848904896104,10.416637511511526,2.0,24.232254028320312,27.513037690794416,37.46318829155581,1.259843884034953e-51,0.7924106592999006
63.44881320070294,10.417056160676168,2.0,23.778650919596355,27.516096742396975,45.761815431430286,8.301568902478992e-232,0.739423051672937
63.44913735244484,10.417474819320633,2.0,23.43016899956597,27.518446867771846,47.85755211819168,9.675718802904911e-132,0.9022210397147066
63.44946150418674,10.417893487445282,2.0,23.598336113823784,27.517312766460645,44.80682984601545,6.499207145717363e-41,1.1223154180587658
63.44978565592865,10.418312165050475,2.0,23.304446750217014,27.519294725383382,41.59735404367441,2.344167375360367e-16,1.294099249362866
63.45010980767055,10.418730852136576,2.0,23.206344604492188,27.519956315924368,39.44783463373043,1.6194513064728842e-09,1.3907120885930255
63.45043395941246,10.41914954870395,2.0,23.12396918402778,27.520511847086162,38.00646520104751,2.3835854833170938e-07,1.409681562149113
63.45075811115436,10.419568254752955,2.0,23.357035319010418,27.518940073612814,36.722604814684445,1.2541006427167095e-06,1.3612242929573477
63.451082262896264,10.419986970283956,2.0,23.283238728841145,27.519437750046418,35.01729065060189,4.539525771934991e-06,1.2574483152555884
63.451406414638164,10.420405695297314,2.0,23.29663764105903,27.519347389193275,32.61702546561189,7.283125782391363e-05,1.1025128056732074
63.45173056638007,10.420824429793392,2.0,23.350177341037327,27.518986323094147,30.06764697279619,0.004680030311570529,0.8920048171781445
63.45205471812197,10.42124317377255,2.0,23.567320081922745,27.517521935313916,28.670803667007597,0.08548614072617117,0.699974617946885
63.45237886986387,10.421661927235155,2.0,23.62136671278212,27.517157450526305,28.37380959420917,0.26664146306118525,0.7746051002532683
63.45270302160578,10.422080690181565,2.0,23.680723402235245,27.516757155262667,28.14655646588629,0.44634010918270206,1.0422566888564073
63.45302717334768,10.422499462612144,2.0,23.837777031792534,27.51569800212208,28.262502281812296,0.4386681292155912,1.3041203002529242
63.453351325089585,10.422918244527255,2.0,23.828569200303818,27.515760098768087,28.668416283854864,0.3854898436521122,1.5153297027251924
63.453675476831485,10.42333703592726,2.0,23.92962137858073,27.5150786135182,29.072984008228456,0.3516030519776521,1.6781714564449053
63.45399962857339,10.423755836812521,2.0,24.013097127278645,27.514515661858656,29.289126550911867,0.34486614715623687,1.7969769543011527
63.45432378031529,10.424174647183401,2.0,24.196606106228298,27.513278096627413,29.287411200674153,0.3575299517305691,1.8778943952019365
63.4546479320572,10.424593467040262,2.0,24.311879475911457,27.512500705160118,29.12951996423442,0.3808022404614892,1.9295561588096966
63.4549720837991,10.425012296383468,2.0,24.539818657769096,27.510963507318795,28.891168945948156,0.40834890746541663,1.9607791624778739
63.455296235541,10.42543113521338,2.0,24.650800916883682,27.510215054649333,28.633528554256724,0.43573483405182795,1.9788122980804588
63.455620387282906,10.42584998353036,2.0,24.779237535264755,27.509348891618856,28.39175650757307,0.46055287409535156,1.9888438556796184
63.448027894572675,10.415075061504757,2.0,26.42194281684028,27.4982706601705,28.822437034764416,0.34577739422028075,1.4397764338221717
63.44835204631458,10.41549368623695,2.0,26.04570855034722,27.5008079444477,33.20619190800275,0.0006572683294773465,1.2729727551923251
63.44867619805648,10.415912320448172,2.0,25.44313727484809,27.504871621681215,39.122420404668105,3.168107214340312e-20,1.1032240510130258
63.44900034979839,10.416330964138782,2.0,24.28740946451823,27.512665728340355,43.53876795510266,1.0362805658494349e-58,0.9820240927067393
63.44932450154029,10.416749617309144,2.0,23.890382554796005,27.515343236014104,42.924753007755925,1.0275544029111046e-55,0.9756029767838649
63.449648653282196,10.41716827995962,2.0,24.069815741644966,27.514133157495625,40.443980390624006,1.3027705175486287e-27,1.0721485987333916
63.449972805024096,10.417586952090572,2.0,23.807966444227432,27.515899041585676,39.05697265195199,2.7056038471540095e-14,1.2124480837019933
63.450296956765996,10.418005633702363,2.0,23.51211886935764,27.517894206478978,38.39897772144089,3.198080998251421e-09,1.3383038211002056
63.4506211085079,10.418424324795355,2.0,23.72947014702691,27.516428412348635,37.88094500909435,3.719780709412452e-07,1.412919994644283
63.4509452602498,10.41884302536991,2.0,23.65146043565538,27.516954501628,37.2805737667099,2.2869765240037416e-06,1.422957053331285
63.45126941199171,10.419261735426389,2.0,23.573862711588543,27.517477812508364,36.47978630713416,2.8298529767908563e-06,1.3668656117484752
63.45159356373361,10.419680454965157,2.0,23.514539930555557,27.51787787909719,35.38841631952725,8.146045524764224e-07,1.241352424696299
63.45191771547552,10.420099183986574,2.0,23.747887505425346,27.516304207622873,34.12686460876915,7.23962541645423e-09,1.039725469470819
63.45224186721742,10.420517922491003,2.0,23.766649034288193,27.51617768184774,33.02946538032701,9.19209033892509e-16,0.7952955877085714
63.452566018959324,10.420936670478808,2.0,23.766565958658855,27.516178242101038,31.82766772969858,5.582745234685936e-16,0.6911319022620824
63.452890170701224,10.421355427950349,2.0,24.01682366265191,27.514490530496488,30.514013873783533,0.0007818621055408652,0.8915842584728065
63.453214322443124,10.42177419490599,2.0,23.992233276367188,27.51465636547232,29.685567307830695,0.1100059502467477,1.1723030563900068
63.45353847418503,10.422192971346092,2.0,23.973202175564236,27.514784709212233,29.432943901471123,0.23913660765698747,1.421563217398054
63.45386262592693,10.422611757271019,2.0,23.979949951171875,27.514739202924048,29.486373995686762,0.2857886942147264,1.6209121324754099
63.45418677766884,10.423030552681132,2.0,24.19405958387587,27.51329527010602,29.521120857510574,0.31276460308670107,1.7654644906520802
63.45451092941074,10.423449357576795,2.0,24.295935736762154,27.512608228058124,29.41830693085747,0.3411959284629036,1.8617293687957808
63.454835081152645,10.423868171958368,2.0,24.405622694227432,27.511868510766597,29.199425761427825,0.3726674204628147,1.9216787718342605
63.455159232894545,10.424286995826217,2.0,24.51770528157552,27.51111263759939,28.925274473467873,0.40455579810649145,1.957094214463207
63.45548338463645,10.424705829180702,2.0,24.789364284939236,27.50928059788536,28.645557562019864,0.43441624030705234,1.977147906178588
63.45580753637835,10.425124672022186,2.0,24.832970513237846,27.508986522073283,28.39315948778415,0.4603831596094813,1.988115707082937
63.44821504366812,10.41434987190892,2.0,26.729134453667534,27.496198992117847,30.357780359299618,0.18647422120896456,1.6267528483928315
63.44853919541003,10.414768491167019,2.0,26.298141479492188,27.49910556335377,33.45602224689779,0.008296444371464394,1.5091427308617544
63.44886334715193,10.415187119904076,2.0,25.838943481445312,27.502202346300802,36.569766022805084,3.01766175969951e-06,1.3761573215403704
63.449187498893835,10.415605758120451,2.0,25.363221910264755,27.50541056248518,37.89836160618576,5.086944513344826e-11,1.2374265016266752
63.449511650635735,10.416024405816511,2.0,24.986217922634548,27.50795303768068,37.112650852497424,1.3426039766601176e-13,1.116565543279764
63.44983580237764,10.416443062992613,2.0,24.595781114366318,27.510586102404137,36.36609212853084,5.6615972991220466e-14,1.0615209686332099
63.45015995411954,10.416861729649122,2.0,24.276019626193577,27.51274254021071,36.4530682299398,3.820136312466635e-12,1.1112611086805537
63.45048410586144,10.417280405786402,2.0,24.484602186414932,27.511335881387524,36.75492482737836,2.943765578666152e-09,1.2265002794082371
63.45080825760335,10.417699091404812,2.0,24.083480834960938,27.514041001545184,36.87132534102663,2.636462194157857e-07,1.3298752405497607
63.45113240934525,10.418117786504713,2.0,23.94733344184028,27.51495916522859,36.782809528253864,1.672684007311503e-06,1.3745656213543338
63.451456561087156,10.41853649108647,2.0,23.850345187717014,27.5156132438019,36.73666613064989,9.168989917596653e-07,1.353229554278167
63.451780712829056,10.418955205150448,2.0,24.054706149631077,27.514235054993183,36.71318053821341,3.952567395867678e-08,1.273885242488208
63.45210486457096,10.419373928697004,2.0,23.97250196668837,27.51478943134716,36.37828011538226,5.161337954656607e-11,1.1386466508399453
63.45242901631286,10.419792661726502,2.0,23.973429361979168,27.514783177090973,35.421480894154215,1.2926024799946343e-15,0.9686614992213312
63.45275316805477,10.420211404239305,2.0,23.973861694335938,27.51478026148708,33.871133312332475,1.8095119616851534e-15,0.8638604455933083
63.45307731979667,10.420630156235777,2.0,24.204484727647568,27.51322496403415,32.06659552922859,2.6327650940943576e-06,0.9449803431978931
63.45340147153857,10.421048917716277,2.0,24.176593356662327,27.513413060503222,30.490189125389573,0.03251845180382,1.1617628026124478
63.45372562328048,10.42146768868117,2.0,24.142262776692707,27.513644582319657,29.690300447189852,0.19624189573741802,1.4059439131213611
63.454049775022376,10.421886469130817,2.0,24.287728203667534,27.512663578797092,29.490737933998034,0.28323402213492677,1.6125919396694899
63.45437392676428,10.422305259065581,2.0,24.28671095106337,27.512670439041543,29.434572717663713,0.3221199729035074,1.7625615101382146
63.45469807850618,10.422724058485825,2.0,24.435258653428818,27.511668648978297,29.30759411254637,0.35293256599827333,1.861344801455962
63.45502223024809,10.42314286739191,2.0,24.545849270290798,27.51092283750295,29.092973004013505,0.3836796868048701,1.9221314918253665
63.45534638198999,10.423561685784199,2.0,24.771387736002605,27.509401829838527,28.83286039334341,0.4139799059439469,1.9576603008028906
63.4556705337319,10.423980513663055,2.0,24.826036241319443,27.50903328607295,28.571962157750555,0.4418624717690498,1.9775952868487303
63.4559946854738,10.42439935102884,2.0,24.907033284505207,27.50848705054238,28.33564584083673,0.46617355182688797,1.98841383083686
63.44840219276357,10.413624672832535,2.0,27.171003553602432,27.493219073435014,30.39715305103296,0.21943800136765268,1.7597517642928735
63.448726344505474,10.414043286616337,2.0,26.527684529622395,27.497557549193697,32.100549754444685,0.07237988192388932,1.6768670399197412
63.449050496247374,10.41446190987903,2.0,26.14128960503472,27.50016335587921,33.381843423809784,0.014756117370657558,1.5724564789341162
63.44937464798928,10.41488054262097,2.0,26.071265326605904,27.500635592239643,33.68733889267584,0.0031236480588146347,1.442164154344031
63.44969879973118,10.415299184842524,2.0,25.740386962890625,27.50286700108431,33.37531463870123,0.0006182051074007613,1.2899637514298694
63.45002295147309,10.415717836544054,2.0,25.099400838216145,27.507189744015726,33.340835475879906,2.4701135517337182e-05,1.1471631798356277
63.45034710321499,10.416136497725919,2.0,25.207305908203125,27.506462043585724,33.86346023826566,2.276213134298295e-07,1.0781460267671212
63.450671254956895,10.416555168388484,2.0,24.938371446397568,27.50827570927837,34.648226657723654,4.567829673152712e-08,1.115462952923581
63.450995406698794,10.416973848532109,2.0,24.702351888020832,27.509867400328105,35.08119487185927,3.2221717501059665e-07,1.1927568512706315
63.451319558440694,10.41739253815716,2.0,24.314534505208332,27.512482799922104,35.282467546617845,6.641203730559e-07,1.2272115647837345
63.4516437101826,10.417811237263994,2.0,24.539774576822918,27.510963804596052,35.82538861294275,4.90671737425054e-08,1.2116674536086587
63.4519678619245,10.418229945852977,2.0,24.384457058376736,27.512011249586113,36.69228189317617,1.5882875634150626e-10,1.1755600288270573
63.45229201366641,10.41864866392447,2.0,24.29328070746528,27.512626133296138,37.042729272683346,1.078411450216384e-13,1.1100441897201634
63.45261616540831,10.419067391478837,2.0,24.218331231011284,27.51313158467345,36.13275886095215,3.5779615016370915e-15,1.022308203302181
63.452940317150215,10.41948612851644,2.0,24.466656155056423,27.511456907533358,34.24157397618598,1.1563860818795494e-10,0.9922864247050087
63.453264468892115,10.419904875037638,2.0,24.4434814453125,27.51161319533566,32.12864990808279,0.00022412711218066454,1.0845657508746738
63.45358862063402,10.420323631042796,2.0,24.433602227105034,27.51167981974301,30.381243929713325,0.07033417182505221,1.2713213923870468
63.45391277237592,10.420742396532278,2.0,24.52756076388889,27.51104617326441,29.455343770036578,0.2533691702987283,1.4805507469291173
63.45423692411782,10.421161171506444,2.0,24.477793375651043,27.511381799290373,29.17241359286355,0.3351361534268441,1.6593985054025966
63.45456107585973,10.421579955965658,2.0,24.47317335340712,27.511412956233915,29.099468607594282,0.36579508140383754,1.7903476664065983
63.45488522760163,10.42199874991028,2.0,24.52468024359809,27.511065599189944,29.005616583458455,0.3876758252018905,1.8771677213128573
63.455209379343536,10.422417553340676,2.0,24.876452975802952,27.50869328092428,28.842458019003594,0.4106117176037136,1.930843670380099
63.455533531085436,10.422836366257204,2.0,24.907877604166668,27.50848135653949,28.63865019915085,0.43413650806772863,1.9623229952793724
63.45585768282734,10.423255188660232,2.0,24.935911390516495,27.508292299636196,28.42620015200097,0.45671622453401595,1.9800305851706226
63.45618183456924,10.423674020550118,2.0,25.077707926432293,27.507336038728614,28.228410015408677,0.47699475333670616,1.9896592400664306
63.44858934185901,10.412899464275393,2.0,27.24319627549913,27.49273221332016,29.797197773641365,0.29923396159198856,1.8473766465865156
63.44891349360092,10.4133180725847,2.0,26.99676005045573,27.49439415327306,30.611669423077,0.20707615064255824,1.7883486991327782
63.44923764534282,10.413736690372826,2.0,26.603039211697048,27.497049365152346,31.089517265519074,0.1448212745266934,1.7081129670721331
63.449561797084726,10.41415531764013,2.0,26.323250664605034,27.49893622965327,31.12175013361149,0.1112913496619512,1.5998323410657962
63.449885948826626,10.414573954386979,2.0,26.018922593858505,27.500988586117803,30.96055325165624,0.08258635920303853,1.460528488820872
63.45021010056853,10.414992600613731,2.0,25.997155083550346,27.501135383915283,31.035830249822396,0.03650029804138571,1.3012764015847074
63.45053425231043,10.415411256320752,2.0,25.516101413302952,27.504379559214318,31.643142494667746,0.00337715078873462,1.1597273623674331
63.45085840405234,10.4158299215084,2.0,25.299794514973957,27.50583831016036,32.48602057448295,6.922922618119782e-05,1.0849669682135286
63.45118255579424,10.416248596177041,2.0,25.09107123480903,27.507245917984026,32.95180175769289,5.354408472002781e-06,1.0605708724736662
63.45150670753614,10.416667280327037,2.0,25.237328423394096,27.506259574904533,33.260282041328395,1.6763093541905492e-07,1.0153472494198612
63.45183085927805,10.417085973958747,2.0,24.91104295518663,27.508460009745512,34.11021899936393,4.136181778338448e-11,0.9698844561213228
63.45215501101995,10.417504677072536,2.0,24.752100626627605,27.50953190007329,35.4936437871901,1.9336051419927845e-14,0.9952473718118255
63.452479162761854,10.417923389668767,2.0,24.620179918077255,27.51042155944101,36.140696441192446,2.8449874514709903e-15,1.0209102350569401
63.452803314503754,10.4183421117478,2.0,24.831899007161457,27.508993748197437,34.99218842672373,3.577010603309723e-11,1.0357850403642075
63.45312746624566,10.418760843309997,2.0,24.743504842122395,27.509589869138892,32.794374835332036,5.680224611965322e-05,1.1145477591203277
63.45345161798756,10.419179584355723,2.0,24.717466566297745,27.509765468529324,30.782106917897295,0.040307824987547466,1.2618999218187574
63.45377576972947,10.41959833488534,2.0,24.89602322048611,27.50856130125481,29.44723787143341,0.24117338353837847,1.435279771062833
63.45409992147137,10.420017094899208,2.0,24.809867011176216,27.509142329658477,28.815585702393285,0.37505458000207453,1.6002329135936517
63.45442407321327,10.420435864397692,2.0,24.686879475911457,27.509971744646183,28.64365191092295,0.41544096606117364,1.7360203138222312
63.454748224955175,10.420854643381153,2.0,24.694461398654514,27.509920612957554,28.630461402529313,0.42579409112700206,1.835697734785969
63.455072376697075,10.421273431849954,2.0,24.963192409939236,27.5081083193138,28.60311756520983,0.43384034029960716,1.9026402378039773
63.45539652843898,10.421692229804458,2.0,25.02285427517361,27.50770596597682,28.51848094305313,0.4454722148973759,1.94461216816765
63.45572068018088,10.422111037245026,2.0,25.054990980360245,27.507489239420917,28.388374263722497,0.4601246995140096,1.9695442122823799
63.45604483192279,10.422529854172021,2.0,25.0660400390625,27.507414725732453,28.239436554973935,0.47574119930448217,1.98372581492612
63.45636898366469,10.422948680585808,2.0,25.20336405436198,27.50648862703297,28.092388294821983,0.49070772597885765,1.9915117214717604
63.44877649095446,10.412174246237287,2.0,27.331052992078995,27.492139716874522,29.149647691514406,0.375458099420321,1.9030814073015345
63.449100642696365,10.412592849071896,2.0,27.217178344726562,27.492907675505702,29.529356905580183,0.32940168100375145,1.8610440758535014
63.449424794438265,10.413011461385253,2.0,26.99889628092448,27.494379746759716,29.715637579488554,0.29844427040154053,1.8010845916048284
63.44974894618017,10.41343008317772,2.0,26.516947428385418,27.497629959073866,29.714456508168755,0.28038344647135705,1.7167721658518749
63.45007309792207,10.413848714449662,2.0,26.262654622395832,27.499344882981397,29.678074918159034,0.25683453013157787,1.602891391749745
63.45039724966398,10.414267355201437,2.0,26.237475925021702,27.499514685465268,29.844717847749674,0.19340448151894202,1.4599964868175062
63.45072140140588,10.414686005433412,2.0,26.00476752387153,27.50108404641932,30.336286025965844,0.08359689497301087,1.3005366836586412
63.451045553147786,10.415104665145943,2.0,25.56451924641927,27.504053034445995,30.903236975211392,0.013648230485705662,1.146872889832303
63.451369704889686,10.4155233343394,2.0,25.624099731445312,27.503651229928575,31.22896511367315,0.0007667218913018117,1.0095317431979196
63.451693856631586,10.415942013014137,2.0,25.503309461805557,27.504465826788273,31.48202126227383,2.84881022583743e-06,0.8760249231643185
63.45201800837349,10.416360701170522,2.0,25.375562879774307,27.505327336286264,32.13802777821612,2.651360407796465e-10,0.816310377776437
63.45234216011539,10.416779398808917,2.0,25.065482245551216,27.50741848743316,33.183439120501916,1.5665608110875498e-10,0.9076389347423264
63.4526663118573,10.41719810592968,2.0,25.190929836697048,27.506572482087623,33.493241874780594,3.92535043031519e-08,1.011360344723811
63.4529904635992,10.417616822533178,2.0,25.090513441297745,27.507249679684733,32.246941427138346,0.00038989777592883046,1.124286484929453
63.45331461534111,10.418035548619772,2.0,25.025894165039062,27.50768546527966,30.38801727349262,0.07153251695194776,1.2769626620042074
63.45363876708301,10.418454284189824,2.0,25.2137451171875,27.506418618238357,28.993939140774124,0.31620488869133623,1.4414929860443308
63.453962918824914,10.418873029243695,2.0,25.074481540256077,27.50735779713726,28.26988016460945,0.45755644707752186,1.5911963167090855
63.454287070566814,10.41929178378175,2.0,24.987628512912327,27.507943524808375,28.034578805711803,0.49531429719279263,1.7158039563043737
63.45461122230872,10.41971054780435,2.0,24.914530436197918,27.508436490540788,28.055071663211436,0.49331244696007126,1.8124888303089735
63.45493537405062,10.420129321311858,2.0,25.062257554796005,27.507440234408065,28.14219227866683,0.48399421047785174,1.882331927013756
63.45525952579252,10.420548104304636,2.0,25.145921495225693,27.5068760136033,28.196117380520974,0.4789930208178039,1.9294380980822083
63.45558367753443,10.420966896783046,2.0,25.190160115559895,27.506577673005925,28.18884974778197,0.48038294318383745,1.9593352302123512
63.45590782927633,10.421385698747452,2.0,25.195025973849827,27.506544858169974,28.13133870758933,0.4866016211949257,1.9773540710192894
63.456231981018234,10.421804510198216,2.0,25.316667344835068,27.50572452157242,28.044562778233885,0.49550066641811363,1.9877532042005817
63.456556132760134,10.422223331135699,2.0,25.335834079318577,27.505595263133248,27.949526218360496,0.5050665678015542,1.993541074646685
63.44896364004991,10.411449018718004,2.0,27.60000271267361,27.49032594827821,28.66372540915432,0.4298707843743911,1.9380816951964728
63.44928779179181,10.411867616077714,2.0,27.301210191514755,27.492340973579193,28.870249691443465,0.405562200765566,1.9082929231335874
63.44961194353371,10.412286222916103,2.0,27.125618828667534,27.493525143241136,28.990944835374087,0.3877832840590163,1.8643402433184761
63.44993609527562,10.412704839233532,2.0,26.914940728081596,27.494945934167887,29.05599713522456,0.37232554429078357,1.8006208118146605
63.45026024701752,10.413123465030365,2.0,26.853001912434895,27.49536364301869,29.15066797984704,0.3471783673390477,1.711223002712653
63.450584398759425,10.413542100306962,2.0,26.44263203938802,27.498131134232136,29.364968826047782,0.29501294955694934,1.5916522137487032
63.450908550501325,10.413960745063688,2.0,26.24218071831597,27.499482956834687,29.673006723780038,0.21042274647328163,1.4416604007083273
63.45123270224323,10.414379399300904,2.0,26.242224799262154,27.49948265955743,29.920545405479743,0.1170056981693311,1.2703475701702756
63.45155685398513,10.41479806301897,2.0,26.033430311414932,27.50089074759821,30.031012178326637,0.04799331879363668,1.1045806528418385
63.45188100572704,10.415216736218252,2.0,25.722841050889755,27.50298532886733,30.132026798276772,0.013978796309019364,0.9849047903136531
63.45220515746894,10.41563541889911,2.0,25.623241848415798,27.503657015401394,30.37833264351368,0.004801678988522735,0.9583049868647533
63.45252930921084,10.416054111061907,2.0,25.71021016438802,27.50307051023591,30.566541572327463,0.007099736088037404,1.023053222230739
63.452853460952745,10.416472812707005,2.0,25.549596150716145,27.50415367423207,30.300465809333936,0.03692597782502685,1.1344393645022388
63.453177612694645,10.416891523834767,2.0,25.313034057617188,27.505749024078845,29.382287913883566,0.20108353896034054,1.2845179261850848
63.45350176443655,10.417310244445554,2.0,25.481753879123264,27.504611195368163,28.30102383884557,0.4429700115926551,1.448639045259201
63.45382591617845,10.41772897453973,2.0,25.43053521050347,27.504956608676203,27.605588134670832,0.5614869847591415,1.5965157962564414
63.45415006792036,10.418147714117657,2.0,25.34711371527778,27.505519194456042,27.36074755901813,0.5859330312078892,1.7159744152468759
63.45447421966226,10.418566463179696,2.0,25.1495361328125,27.50685163686802,27.406057949704802,0.5721563557775782,1.8071548514496247
63.454798371404166,10.418985221726212,2.0,25.24005126953125,27.50624121231689,27.569174799783696,0.5488205270745682,1.8739594435436129
63.455122523146066,10.419403989757564,2.0,25.238101535373264,27.506254361118753,27.73727456061834,0.5283837788083656,1.9208238638846609
63.455446674887966,10.419822767274118,2.0,25.269276936848957,27.50604411749385,27.853321716306375,0.5153510323555598,1.95216059054903
63.45577082662987,10.420241554276235,2.0,25.326646592881943,27.50565722257437,27.905212061601087,0.5097219081106033,1.9721244613485494
63.45609497837177,10.420660350764276,2.0,25.442491319444443,27.50487597793644,27.904047570930267,0.509721139056849,1.9842799743161477
63.45641913011368,10.421079156738605,2.0,25.432178073459202,27.504945529381416,27.869698726494335,0.5131059641256291,1.991387631631496
63.45674328185558,10.421497972199585,2.0,25.437149047851562,27.50491200565354,27.81829151925912,0.5182001437346024,1.9953994902752314
63.44915078914536,10.410723781717339,2.0,27.631966484917534,27.49011038796386,28.347355032194464,0.46398152232454315,1.9601238026735348
63.44947494088726,10.411142373601947,2.0,27.510374281141495,27.490930392982932,28.493347515995538,0.4478097426527456,1.9391640652975957
63.449799092629156,10.411560974965166,2.0,27.219624837239582,27.4928911766178,28.617366518972712,0.43262785941603865,1.9074198939626208
63.45012324437106,10.411979585807355,2.0,27.14856635199653,27.49337038756009,28.737193974247973,0.4156513227255861,1.8602413999218013
63.45044739611296,10.412398206128879,2.0,26.989361233181423,27.49444405011769,28.88322925180469,0.39165960807480477,1.7921462000812087
63.45077154785487,10.412816835930098,2.0,26.81151665581597,27.49564341522109,29.05369023358913,0.3573652344469398,1.6978785708404132
63.45109569959677,10.413235475211373,2.0,26.598007202148438,27.497083300494893,29.188669740621577,0.3160170053817598,1.5755189622019665
63.45141985133868,10.41365412397307,2.0,26.41326395670573,27.4983291894894,29.21736340031197,0.276937668764397,1.4340451465124306
63.45174400308058,10.414072782215548,2.0,26.23501247829861,27.499531298690577,29.164954029528353,0.2462825320016579,1.3029208346431653
63.452068154822484,10.41449144993917,2.0,26.057803683810764,27.500726376141195,29.13285006835296,0.2243358609245934,1.2228051417641081
63.452392306564384,10.414910127144301,2.0,26.042051527235245,27.500832607026496,29.07827728749612,0.2301147246141375,1.208367595770545
63.452716458306284,10.4153288138313,2.0,25.903311835394966,27.50176825289951,28.808173833268512,0.3019467368551604,1.2480970630520427
63.45304061004819,10.41574751000053,2.0,25.75576443142361,27.502763297055715,28.31139814920958,0.43122523392559964,1.3406465252329267
63.45336476179009,10.416166215652353,2.0,25.607408311631943,27.503763795106256,27.69792267693536,0.5554748268113457,1.4715081797325837
63.453688913532,10.416584930787135,2.0,25.693595038519966,27.503182560895254,27.162661268907776,0.6272235245728861,1.606339837932805
63.4540130652739,10.417003655405233,2.0,25.612192789713543,27.503731529089862,26.891769836907834,0.645838952002457,1.7211353545692327
63.454337217015805,10.417422389507012,2.0,25.527645534939236,27.504301706873555,26.889976383315002,0.6327269394859832,1.8093066515874072
63.454661368757705,10.417841133092836,2.0,25.59103054470486,27.503874245041896,27.051515814624665,0.6065178921572711,1.8733905166014226
63.45498552049961,10.418259886163064,2.0,25.42766655815972,27.504975954565552,27.26863637690523,0.5787641902436559,1.9183670160861468
63.45530967224151,10.41867864871806,2.0,25.41976759168837,27.505029224363703,27.465353289565023,0.5559674556248704,1.9489677306006152
63.45563382398341,10.419097420758188,2.0,25.446114434136284,27.50485154403246,27.608585350287292,0.5402046008073011,1.9690970848504274
63.45595797572532,10.419516202283809,2.0,25.58477783203125,27.50391641267778,27.692234805013808,0.5312275298992192,1.9818640422350406
63.45628212746722,10.419934993295286,2.0,25.54848395453559,27.504161174766004,27.727886811533942,0.5274003895656718,1.989667563355099
63.456606279209126,10.42035379379298,2.0,25.543865627712673,27.504192320275806,27.728909406378676,0.527171880296258,1.9942716421120235
63.456930430951026,10.420772603777255,2.0,25.708682590060764,27.503080812036327,27.70836575836966,0.5291506597777992,1.996901245075961
63.4493379382408,10.409998535235081,2.0,27.64457024468316,27.490025389535127,28.142127634755205,0.485454914312008,1.9741858298776351
63.4496620899827,10.410417121644388,2.0,27.547481960720486,27.490680142699148,28.263307165156903,0.4726676298411651,1.9596460370259683
63.44998624172461,10.410835717532235,2.0,27.468131171332466,27.491215276067447,28.384687836905226,0.45917863059202435,1.9372491728304204
63.45031039346651,10.411254322898984,2.0,27.22476535373264,27.492856509515846,28.511987844465708,0.4438163358785964,1.9035233283164286
63.45063454520841,10.411672937744994,2.0,27.080213758680557,27.493831350252147,28.63892388051826,0.4263046015285065,1.8544410387350712
63.450958696950316,10.412091562070632,2.0,26.9989013671875,27.494379712458493,28.738471807314294,0.40851912593042494,1.7865969364707526
63.451282848692216,10.412510195876258,2.0,26.855305989583332,27.49534810456501,28.76810029923051,0.3952362855412703,1.7002611777412588
63.45160700043412,10.412928839162234,2.0,26.551077948676216,27.497399786438837,28.710373862207906,0.39132067955974753,1.6046655511098005
63.45193115217602,10.413347491928922,2.0,26.385418362087673,27.49851697724747,28.60133203188935,0.3974527291712698,1.5209524366791933
63.45225530391793,10.413766154176685,2.0,26.365091959635418,27.498654056365314,28.475746382029694,0.4130743259364411,1.471730763636867
63.45257945565983,10.414184825905885,2.0,26.282189263237846,27.499213143420484,28.274568591607412,0.4489757805475934,1.4631796698843538
63.45290360740174,10.414603507116885,2.0,26.081982082790798,27.500563319564364,27.924828662303575,0.5134697560170555,1.4919698181267889
63.45322775914364,10.415022197810046,2.0,25.919189453125,27.50166117591739,27.4827160876671,0.5844472581466407,1.5573469908873454
63.45355191088554,10.41544089798573,2.0,25.96299065483941,27.501365785225126,27.06784182953145,0.6344128544796888,1.6471799781861067
63.453876062627444,10.415859607644302,2.0,25.92532518174913,27.501619797209617,26.785613102658182,0.6559722070235556,1.7391553148093213
63.454200214369344,10.416278326786124,2.0,25.773730807834202,27.502642133704992,26.691553956608196,0.6540014462802413,1.817398268021188
63.45452436611125,10.416697055411554,2.0,25.827836778428818,27.50227724873645,26.763865556743283,0.6371532219067841,1.8770077614437315
63.45484851785315,10.41711579352096,2.0,25.73728264702691,27.502887936263622,26.93705157390181,0.6135073344812636,1.9195708060066874
63.45517266959506,10.4175345411147,2.0,25.663631863064236,27.503384629395523,27.139454280866836,0.5896322169847166,1.9487582866621778
63.45549682133696,10.41795329819314,2.0,25.603652954101562,27.503789120842015,27.322370935022075,0.5694322428186437,1.9681819768863953
63.455820973078865,10.418372064756639,2.0,25.71987745496962,27.503005315046156,27.46125959372442,0.5546090869085056,1.9807552128974213
63.456145124820765,10.418790840805563,2.0,25.694461398654514,27.503176718253734,27.553791936983558,0.5449162747347664,1.988664639217507
63.456469276562665,10.419209626340272,2.0,25.67139350043403,27.50333228573037,27.605295132767672,0.5395584084055237,1.993494710388965
63.45679342830457,10.41962842136113,2.0,25.670318603515625,27.503339534722006,27.62609395029423,0.537373089677561,1.9963579640688682
63.45711758004647,10.4200472258685,2.0,25.825634426540798,27.502292101165686,27.625787343351053,0.5373420943822353,1.998007440358976
63.44952508733625,10.40927327927102,2.0,27.65365939670139,27.489964093250972,27.99686556452981,0.5003178903917361,1.9833345426225617
63.44984923907815,10.409691860204823,2.0,27.563573201497395,27.490571625065694,28.096997420291597,0.4900655753513878,1.9735190316012712
63.450173390820055,10.410110450617099,2.0,27.47281731499566,27.491183673208013,28.200730221713144,0.4791286622158159,1.9583357071431464
63.450497542561955,10.410529050508204,2.0,27.375835842556423,27.491837706046365,28.302903860048172,0.46777932573347336,1.9355466218856408
63.450821694303855,10.410947659878504,2.0,27.138331095377605,27.493439413052997,28.390254275352362,0.45708395997129164,1.9028253722790573
63.45114584604576,10.411366278728359,2.0,27.044030083550346,27.49407536914722,28.43694698023746,0.4496842343300361,1.858828022101918
63.45146999778766,10.411784907058133,2.0,26.904673258463543,27.495015176901866,28.42211039407905,0.448470784262402,1.805239345883187
63.45179414952957,10.412203544868186,2.0,26.76999070909288,27.495923461833264,28.34389639860465,0.4552472496059004,1.749049153874378
63.45211830127147,10.412622192158883,2.0,26.56781514485677,27.49728691255016,28.221653547054544,0.46950579785257823,1.7020485865653474
63.452442453013376,10.413040848930585,2.0,26.45834011501736,27.49802520062409,28.060258218002502,0.49143084264421005,1.674855779611809
63.452766604755276,10.413459515183655,2.0,26.374974568684895,27.498587409090486,27.835489422199114,0.5234849462945067,1.6712123116533564
63.45309075649718,10.413878190918453,2.0,26.307103474934895,27.49904512460017,27.538413145304922,0.5641431988432734,1.690691388505998
63.45341490823908,10.414296876135344,2.0,26.136606852213543,27.500194935871157,27.21796216703304,0.6029413991302379,1.7310924873251388
63.45373905998098,10.414715570834689,2.0,26.096505059136284,27.500465378141104,26.947574838617864,0.6294604195561354,1.7846761870065695
63.45406321172289,10.41513427501685,2.0,26.05386182996962,27.500752959588436,26.785583588992253,0.6401202492132224,1.8397955334495288
63.45438736346479,10.41555298868219,2.0,26.041644626193577,27.500835351124277,26.75145554798884,0.6369966183156253,1.8875294009747832
63.4547115152067,10.415971711831073,2.0,25.922597249348957,27.501638194098483,26.826335835643395,0.6243488746775485,1.924399532671606
63.455035666948596,10.416390444463858,2.0,25.859203762478298,27.502065713098848,26.966004590502546,0.6070710937666514,1.9508316746919443
63.4553598186905,10.41680918658091,2.0,25.803846571180557,27.50243903616806,27.126086924760212,0.589182107502844,1.9688704007470517
63.4556839704324,10.41722793818259,2.0,25.898230658637154,27.501802519820536,27.273026570297382,0.5734996674999141,1.9807602388729901
63.45600812217431,10.417646699269262,2.0,25.835245768229168,27.50222728328938,27.391670370422645,0.5611418671779996,1.988381506494547
63.45633227391621,10.418065469841288,2.0,25.80719672309028,27.502416443096337,27.47599734512064,0.552469698871407,1.9931434031145037
63.45665642565811,10.418484249899029,2.0,25.77788628472222,27.502614109606416,27.529277760106588,0.5470245707187625,1.9960446670879177
63.45698057740002,10.418903039442847,2.0,25.891721937391495,27.50184641395127,27.55708809866974,0.54418211325266,1.9977682949631552
63.45730472914192,10.41932183847311,2.0,25.91946241590712,27.50165933508513,27.568179139916186,0.5430372264280998,1.99876717157931
63.449712236431694,10.408548013824948,2.0,27.71245829264323,27.489567559688037,27.8828960181969,0.5118026549219457,1.9893872258785446
63.450036388173594,10.408966589283049,2.0,27.555396185980904,27.490626769997327,27.960985306222092,0.503957989755423,1.9830252259801795
63.4503605399155,10.409385174219548,2.0,27.471232096354168,27.491194363755614,28.039333782392223,0.4959700976610599,1.973271913897485
63.4506846916574,10.40980376863481,2.0,27.37829081217448,27.49182114998976,28.110651321325662,0.48849767748489253,1.958891910677914
63.4510088433993,10.410222372529196,2.0,27.288586086697048,27.492426109212815,28.16196340093869,0.4828162946480931,1.9388217782421784
63.45133299514121,10.410640985903068,2.0,27.073108249240452,27.49387926905963,28.17880510938731,0.48051316675280137,1.912881007670776
63.45165714688311,10.411059608756789,2.0,26.951224433051216,27.494701240682108,28.14906778591126,0.48322851096303143,1.8827693915436425
63.451981298625014,10.41147824109072,2.0,26.870288425021702,27.495247064598008,28.073257932478437,0.49148609675229116,1.8526847268763582
63.452305450366914,10.411896882905223,2.0,26.746888902452255,27.496079257984718,27.958886521848378,0.5049061219716223,1.8284054128051348
63.45262960210882,10.412315534200664,2.0,26.514923095703125,27.49764361096032,27.808695977403776,0.5231605762428365,1.8147646703514153
63.45295375385072,10.4127341949774,2.0,26.443979899088543,27.49812204440824,27.618417203579494,0.5461637457739725,1.8138967584706813
63.45327790559263,10.413152865235796,2.0,26.400887383355034,27.49841265579687,27.39894325015084,0.5715468965206435,1.8257580856002065
63.45360205733453,10.413571544976215,2.0,26.286380343967014,27.49918487921335,27.18320369009085,0.5944653184894857,1.8484831580065109
63.453926209076435,10.41399023419902,2.0,26.17740207248264,27.499919817201246,27.01201656340735,0.6103349394420632,1.8777893971642736
63.454250360818335,10.41440893290457,2.0,26.124876234266495,27.500274045923405,26.915311589701158,0.6171239336757425,1.9080560351107199
63.454574512560235,10.414827641093227,2.0,26.080169677734375,27.50057554223323,26.90155791088414,0.6154058292888408,1.9347788597424733
63.45489866430214,10.415246358765359,2.0,26.03043450249566,27.500910951018113,26.957361587581094,0.6074037363908062,1.955856116826964
63.45522281604404,10.415665085921324,2.0,25.932315402560764,27.501572655896506,27.056899767853277,0.5958867838366511,1.9712009565557944
63.45554696778595,10.416083822561484,2.0,26.001296997070312,27.501107451286632,27.171144213712573,0.5835744829498101,1.9817573256556205
63.45587111952785,10.416502568686205,2.0,25.97902594672309,27.501257644905117,27.280502104545647,0.5721769334934995,1.988728465056168
63.456195271269756,10.416921324295847,2.0,25.951416015625,27.501443843373224,27.371926006117597,0.5628083407748725,1.9931901860474266
63.456519423011656,10.417340089390771,2.0,25.910600450303818,27.501719099248028,27.440879128384573,0.5558062672132462,1.995972190963344
63.45684357475356,10.417758863971343,2.0,25.994571261935764,27.501152808936187,27.487216659332738,0.5511215875336337,1.9976661985565523
63.45716772649546,10.418177648037924,2.0,26.006588406032986,27.501071766581756,27.515883500540426,0.5482296089915984,1.998674569002091
63.45749187823736,10.418596441590875,2.0,26.009658813476562,27.501051060077256,27.53099251379249,0.5467040867178017,1.999261686746615
63.44989938552714,10.407822738896655,2.0,27.706505669487846,27.48960770355181,27.789710916733103,0.5211024918142051,1.9934033693807813
63.45022353726904,10.40824130887885,2.0,27.633283827039932,27.490101503947297,27.8459061809863,0.5155276953320855,1.9894786926114418
63.450547689010946,10.408659888339374,2.0,27.472952948676216,27.491182758508753,27.90066738944439,0.5100706527144291,1.983577081543478
63.450871840752846,10.409078477278591,2.0,27.397323608398438,27.491692794816107,27.945917167169714,0.5055306103732746,1.975109877595726
63.45119599249475,10.409497075696862,2.0,27.303502400716145,27.4923255151617,27.973257898102187,0.5027666331366779,1.963700609163511
63.45152014423665,10.40991568359455,2.0,27.203894721137154,27.492997258864474,27.97362531518893,0.5027683629945775,1.9495546402601525
63.45184429597855,10.410334300972016,2.0,27.03348117404514,27.494146509882167,27.94198635354437,0.5061884436288423,1.9338406550785243
63.45216844772046,10.410752927829623,2.0,26.917809380425346,27.494926588278542,27.877282054082517,0.5132953066047704,1.9187557107929796
63.45249259946236,10.411171564167732,2.0,26.804584079318577,27.49569016778701,27.78293763924301,0.5237985719576516,1.9069659207595144
63.45281675120427,10.411590209986707,2.0,26.68012152777778,27.496529530129173,27.662403948305705,0.5372284421101053,1.9006422777266474
63.45314090294617,10.41200886528691,2.0,26.559919569227432,27.497340159480828,27.5206255515182,0.5527740843845109,1.9008411412024335
63.453465054688074,10.412427530068705,2.0,26.454154120551216,27.498053430530003,27.36948215138451,0.5687881120664363,1.9074906048911244
63.453789206429974,10.41284620433245,2.0,26.36410352918837,27.49866072223617,27.229155499361475,0.5828641578284481,1.9194437406615545
63.45411335817188,10.41326488807851,2.0,26.299170600043404,27.499098623073134,27.121812606204934,0.5927626089388565,1.934535146525983
63.45443750991378,10.413683581307248,2.0,26.190411037868923,27.499832086108473,27.063390840253003,0.5972650346490053,1.9501574895662346
63.45476166165568,10.414102284019025,2.0,26.11905754937066,27.500313286521656,27.0568030279263,0.5965700469349375,1.9641763015045008
63.45508581339759,10.414520996214202,2.0,26.07741970486111,27.50059408776072,27.093917812456453,0.5918014446963625,1.9754683128318826
63.45540996513949,10.414939717893146,2.0,26.104793972439236,27.500409478582583,27.159222322098763,0.5845822974632721,1.9838517207471373
63.455734116881395,10.415358449056216,2.0,26.068906995985245,27.500651496573024,27.23705923268215,0.5764084258961797,1.9897066472345464
63.456058268623295,10.415777189703773,2.0,26.033554077148438,27.500889912935133,27.313460661291344,0.5685707329926087,1.9936119436292532
63.4563824203652,10.416195939836184,2.0,26.021581013997395,27.500970658012307,27.379616491432984,0.5618646307058031,1.9961262800946495
63.4567065721071,10.416614699453808,2.0,26.074327256944443,27.500614942903848,27.431330403415796,0.5566554870963847,1.9976996192064096
63.45703072384901,10.417033468557008,2.0,26.095252143012154,27.50047382767552,27.468876291007504,0.5528870866360049,1.9986604444309701
63.45735487559091,10.417452247146148,2.0,26.103578355577255,27.5004176765747,27.493856048666792,0.5503845284107919,1.9992344244095763
63.45767902733281,10.417871035221589,2.0,26.18839348687066,27.499845692259967,27.508309631774406,0.5489367235199841,1.9995702776293038
63.450086534622585,10.407097454485934,2.0,27.703421698676216,27.489628501526234,27.713389586782583,0.5286744093559498,1.9960276221355946
63.450410686364485,10.407516018992022,2.0,27.640955607096355,27.490049766270406,27.751850381742987,0.5248890969547116,1.9937296063400705
63.45073483810639,10.40793459297637,2.0,27.590906778971355,27.49038729029733,27.786896712446588,0.5214499691175933,1.9903619753937405
63.45105898984829,10.40835317643934,2.0,27.425496419270832,27.491502800346073,27.81432775612566,0.5187792240548672,1.9856809226739718
63.4513831415902,10.408771769381294,2.0,27.33078172471788,27.492141546273043,27.827084937743326,0.5175973541760023,1.9795993589223142
63.4517072933321,10.409190371802595,2.0,27.277052137586807,27.492503892951135,27.82022548524617,0.5184296259261413,1.972348054568958
63.452031445074,10.409608983703606,2.0,27.18033175998264,27.493156164993408,27.79136405672825,0.5215546812457803,1.9645951330797955
63.452355596815906,10.410027605084686,2.0,26.97674051920573,27.49452916288383,27.740797414535226,0.5269685889663733,1.9574018627496352
63.452679748557806,10.410446235946202,2.0,26.865431043836807,27.495279822265253,27.66927795691998,0.5345849980326532,1.9519567300529124
63.45300390029971,10.410864876288512,2.0,26.828299628363716,27.49553023262141,27.5806231693561,0.543945655252398,1.9492103006018642
63.45332805204161,10.41128352611198,2.0,26.735631306966145,27.496155178023294,27.481648597414207,0.5542357751995157,1.9496292677794222
63.45365220378352,10.411702185416969,2.0,26.535810682508682,27.497502747274286,27.38206402949234,0.5643419683845383,1.9531320630601097
63.45397635552542,10.41212085420384,2.0,26.44722663031684,27.498100148794705,27.29261272245264,0.5731133624915657,1.9591093932008692
63.45430050726733,10.412539532472955,2.0,26.438710530598957,27.49815758047449,27.22548036386443,0.5793678688019733,1.9665324245652733
63.45462465900923,10.412958220224679,2.0,26.338244967990452,27.49883510965008,27.18968762668088,0.5823471802151559,1.9742270814802196
63.45494881075113,10.413376917459372,2.0,26.18771192762587,27.499850288623747,27.186368017772978,0.5821051878750254,1.9812222733512226
63.455272962493034,10.413795624177396,2.0,26.209265814887154,27.4997049314776,27.209229762081648,0.5793750951426642,1.986964081190042
63.45559711423493,10.414214340379115,2.0,26.172656589084202,27.499951820241602,27.25108930975714,0.5749006004949523,1.9913129934436078
63.45592126597684,10.41463306606489,2.0,26.157094319661457,27.500056770547943,27.301677760312984,0.5696807104550733,1.9944056548553062
63.45624541771874,10.415051801235087,2.0,26.09597439236111,27.500468956901962,27.35308454309121,0.564463833651875,1.996499116136366
63.45656956946065,10.415470545890065,2.0,26.148364596896702,27.50011564287906,27.398472894675855,0.5598953039730885,1.9978621977254316
63.45689372120255,10.415889300030186,2.0,26.148361206054688,27.50011566574654,27.435939916688223,0.5561421924087165,1.9987223929832572
63.457217872944454,10.416308063655814,2.0,26.160890367296005,27.500031170402405,27.464249736246295,0.553313699995644,1.999251263190463
63.457542024686354,10.41672683676731,2.0,26.183580186631943,27.499878152649952,27.48408573107842,0.5513346896297495,1.999569133087735
63.45786617642826,10.417145619365039,2.0,26.26925828721788,27.499300348561178,27.496514351911678,0.5500952868394681,1.9997563003234913
63.45027368371803,10.406372160592573,2.0,27.71022711859809,27.489582606490863,27.652488759323465,0.5346955395453397,1.9976911698929851
63.45059783545993,10.406790719622352,2.0,27.668170505099827,27.489866231863896,27.677574620842293,0.5322378131329472,1.996411743168808
63.45092198720184,10.407209288130321,2.0,27.608935885959202,27.4902657038982,27.69928802854915,0.5301259017173671,1.9945901593151123
63.45124613894374,10.407627866116844,2.0,27.538681030273438,27.49073949524738,27.714205765083502,0.5287044225115624,1.992139455946988
63.451570290685645,10.408046453582282,2.0,27.37112257215712,27.491869491845648,27.719375790759713,0.5282730845426712,1.989065054309503
63.451894442427545,10.408465050526996,2.0,27.29756842719184,27.492365533254326,27.71060123187741,0.5292594031046411,1.9855264844879028
63.45221859416945,10.408883656951348,2.0,27.20553927951389,27.492986168135946,27.6870881573979,0.5317485393677446,1.9818672523036398
63.45254274591135,10.409302272855703,2.0,27.117055257161457,27.49358289506566,27.648814546978855,0.5357404186418793,1.9785743748134135
63.45286689765325,10.40972089824042,2.0,26.961349487304688,27.494632958382354,27.597974059211825,0.5409969959456274,1.9761630580602059
63.45319104939516,10.410139533105864,2.0,26.881083170572918,27.495174265970654,27.536793981327243,0.547262268469832,1.9750359151011156
63.45351520113706,10.410558177452396,2.0,26.786204020182293,27.49581412097048,27.47066528889404,0.5539520365472893,1.975382208256
63.453839352878965,10.41097683128038,2.0,26.696902804904514,27.496416358963234,27.405837136040315,0.5604047169572759,1.9771405076800994
63.454163504620865,10.411395494590174,2.0,26.565199110243057,27.497304554812136,27.3498737651097,0.5658544039814035,1.980013054429201
63.45448765636277,10.411814167382143,2.0,26.484975179036457,27.49784557655692,27.308646201868918,0.5697431032419558,1.9835327572331736
63.45481180810467,10.412232849656652,2.0,26.38260226779514,27.498535968690852,27.286674855231993,0.5716744679018221,1.9871845126337042
63.45513595984658,10.412651541414059,2.0,26.383841620551216,27.498527610626365,27.283650965717865,0.5717352100539932,1.990539513411061
63.45546011158848,10.41307024265473,2.0,26.277233547634548,27.499246564244693,27.298221595213082,0.5700962128978306,1.9933388951899709
63.45578426333038,10.413488953379023,2.0,26.24933539496528,27.499434706448724,27.324160312177295,0.567385966299597,1.995499529910381
63.456108415072286,10.413907673587305,2.0,26.21651373969184,27.499656052235895,27.356374214738068,0.5641028378540973,1.9970650644431955
63.456432566814186,10.414326403279935,2.0,26.244306776258682,27.49946861892379,27.389361885135845,0.5607785543348731,1.9981429267357034
63.45675671855609,10.414745142457278,2.0,26.222393459743923,27.499616400022976,27.42015589093195,0.5576947595585451,1.9988549869034031
63.45708087029799,10.415163891119695,2.0,26.225012885199654,27.499598734893517,27.44608669735744,0.5551065872083423,1.9993097846382064
63.4574050220399,10.415582649267549,2.0,26.229999118381077,27.499565108261972,27.466480110452554,0.5530750704807004,1.9995922278150668
63.4577291737818,10.416001416901203,2.0,26.299619886610245,27.499095593131837,27.481056821059596,0.5516244105106178,1.9997634746939263
63.45805332552371,10.416420194021018,2.0,26.345240275065105,27.49878793403575,27.49111915136578,0.5506237365485234,1.9998651280435518
63.45046083281348,10.405646857216363,2.0,27.754224989149307,27.489285889484673,27.60527743228166,0.5393548393153463,1.9987056062433706
63.450784984555376,10.406065410769633,2.0,27.66729227701823,27.489872154541604,27.621427387402022,0.5377751953964596,1.9980253980960987
63.45110913629728,10.406483973801024,2.0,27.611060248480904,27.490251377421043,27.634317885994815,0.5365268679136115,1.9970852326414859
63.45143328803918,10.406902546310898,2.0,27.53985087076823,27.49073160596626,27.64211295129746,0.5357941470609475,1.9958598562893095
63.45175743978109,10.407321128299616,2.0,27.450174967447918,27.491336370815723,27.64274759391624,0.5357840425071448,1.994371717828532
63.45208159152299,10.407739719767541,2.0,27.284435696072048,27.49245409901017,27.635003875218743,0.5366182785225406,1.9927122728881186
63.4524057432649,10.408158320715035,2.0,27.201358371310764,27.493014363740635,27.61705986009604,0.5384771739689569,1.9910464816631082
63.4527298950068,10.408576931142461,2.0,27.127344767252605,27.493513503693052,27.589711646490265,0.5412757699198919,1.98958965165863
63.4530540467487,10.408995551050182,2.0,27.05569288465712,27.493996716444606,27.55437972308348,0.5448620890119834,1.9885593113861468
63.453378198490604,10.409414180438558,2.0,26.88839891221788,27.495124929379323,27.51413131813925,0.5489160118174491,1.9881203169317623
63.453702350232504,10.409832819307951,2.0,26.803259955512154,27.495699097538537,27.471128103137296,0.553208820410006,1.9883442999286016
63.45402650197441,10.410251467658727,2.0,26.738462660047745,27.49613608367624,27.429863871531275,0.5572840675472408,1.9891936424760177
63.45435065371631,10.410670125491244,2.0,26.659345838758682,27.496669639188315,27.394807609659765,0.5606987543856569,1.9905305638649324
63.45467480545822,10.411088792805867,2.0,26.510733710394966,27.49767186373371,27.369894991602372,0.5630750044270598,1.9921502013574621
63.45499895720012,10.411507469602958,2.0,26.507700602213543,27.49769231869591,27.355763067971843,0.5643696382265846,1.9938316986606108
63.455323108942025,10.41192615588288,2.0,26.45987277560764,27.498014864522457,27.35387825598014,0.5644563911467699,1.9953901750465115
63.455647260683925,10.412344851645992,2.0,26.398008558485245,27.49843207028866,27.362427661028057,0.5635275266682744,1.9967091745000864
63.455971412425825,10.41276355689266,2.0,26.318966335720486,27.498965122716143,27.378612228569175,0.5618644080807962,1.9977448926507277
63.45629556416773,10.413182271623246,2.0,26.34169684516059,27.498811830553915,27.398363966341794,0.5598675848303316,1.998509099372519
63.45661971590963,10.41360099583811,2.0,26.318591647677952,27.49896764957285,27.419658235115044,0.5577330529191772,1.9990445929040832
63.45694386765154,10.414019729537618,2.0,26.303814358181423,27.499067306057224,27.439799098608905,0.5557228300879864,1.999404099733259
63.45726801939344,10.414438472722129,2.0,26.289567735460068,27.49916338378074,27.457359253235516,0.5539745086054988,1.9996370169314905
63.457592171135346,10.414857225392007,2.0,26.354127671983505,27.498727998366743,27.47112222627992,0.5526059622784387,1.9997834775711514
63.457916322877246,10.415275987547616,2.0,26.367289225260418,27.498639238237303,27.481886471061983,0.5515367111364011,1.99987325611164
63.45824047461915,10.415694759189316,2.0,26.386627197265625,27.498508824990314,27.489576106243014,0.5507732804099289,1.9999270805245006
63.45064798190892,10.404921544357098,2.0,27.744347466362846,27.48935250245828,27.570318891671544,0.542802096309091,1.9992990716627985
63.45097213365082,10.405340092433656,2.0,27.700919257269966,27.48964537772758,27.58005979851532,0.5418498527233102,1.998951948973661
63.45129628539273,10.405758649988266,2.0,27.595682779947918,27.49035508144964,27.58779810308259,0.5411005314391539,1.9984858880212142
63.45162043713463,10.40617721702129,2.0,27.507632785373264,27.490948881341723,27.591688253824028,0.5407379492959353,1.9978963454868635
63.451944588876536,10.406595793533088,2.0,27.42989773220486,27.491473118355085,27.590572952130216,0.5408771703681639,1.9972013520665444
63.452268740618436,10.407014379524023,2.0,27.35220167371962,27.491997092392413,27.583662626331265,0.5415958697609757,1.9964481585660798
63.45259289236034,10.407432974994457,2.0,27.274520874023438,27.492520963526072,27.57064367552733,0.5429231488009706,1.9957122605913509
63.45291704410224,10.407851579944754,2.0,27.138929578993057,27.49343537694251,27.55225402611063,0.5447819876739876,1.995086035249677
63.45324119584415,10.408270194375275,2.0,27.073340521918404,27.493877702637146,27.528665286056206,0.5471506048671204,1.99465907216198
63.45356534758605,10.40868881828638,2.0,26.99051751030816,27.4944362523065,27.50214309561456,0.5497983971946478,1.994496807446885
63.45388949932795,10.409107451678436,2.0,26.94199456108941,27.49476348596675,27.4745452966974,0.5525365851454423,1.9946247259227634
63.45421365106986,10.409526094551802,2.0,26.77252875434028,27.495906345523363,27.449428169679237,0.5550104494993064,1.9950224193294526
63.45453780281176,10.409944746906842,2.0,26.700673421223957,27.496390930323805,27.427774016908067,0.5571249634526934,1.9956285573530568
63.454861954553664,10.410363408743915,2.0,26.626573350694443,27.496890653397003,27.412223817643643,0.5586238224755555,1.9963556664266575
63.455186106295564,10.410782080063388,2.0,26.616856892903645,27.49695618016524,27.40342735149128,0.5594500274405265,1.9971109133039955
63.45551025803747,10.41120076086562,2.0,26.510450575086807,27.497673773168415,27.402518478740554,0.5594982087280527,1.9978161532902414
63.45583440977937,10.411619451150976,2.0,26.457438151041668,27.49803128337417,27.40755951385799,0.5589644890091693,1.998420473826177
63.45615856152128,10.412038150919816,2.0,26.471615261501736,27.497935674434025,27.416855811420557,0.5580180657367119,1.9989024335885173
63.45648271326318,10.412456860172504,2.0,26.401324801974827,27.498409705891756,27.42955070911887,0.5567432809308406,1.9992641704690939
63.45680686500508,10.412875578909402,2.0,26.384373982747395,27.49852402043177,27.442928459762854,0.5554070734045161,1.9995220714665247
63.457131016746985,10.41329430713087,2.0,26.369664510091145,27.498623219566515,27.455896385084667,0.5541158333340642,1.999698117515882
63.457455168488885,10.413713044837277,2.0,26.414769490559895,27.498319036327615,27.467092046573363,0.553002869082612,1.9998139442463168
63.45777932023079,10.414131792028979,2.0,26.41928270128038,27.49828859970974,27.47667458123937,0.5520514473112128,1.9998878017649255
63.45810347197269,10.41455054870634,2.0,26.429792616102432,27.498217721950834,27.484184807319416,0.5513062817209656,1.9999336492191602
63.4584276237146,10.414969314869724,2.0,26.50191921657986,27.49773130775187,27.489361847293797,0.550792741380332,1.9999614521288671
63.45083513100437,10.404196222014566,2.0,27.730395846896702,27.48944659071091,27.54499410921042,0.5452991713587918,1.9996324751978118
63.45115928274627,10.404614764614212,2.0,27.682203504774307,27.489771594791712,27.550883254076123,0.5447229544673944,1.999461554886322
63.451483434488175,10.40503331669184,2.0,27.612597995334202,27.49024100701818,27.555116623548606,0.5443129948006036,1.9992383345342708
63.451807586230075,10.405451878247812,2.0,27.55539788140191,27.49062675856359,27.55668344659999,0.5441696538651539,1.998963718730919
63.45213173797198,10.405870449282487,2.0,27.417007446289062,27.491560049086004,27.55553809806382,0.5442972059194437,1.9986486570449016
63.45245588971388,10.406289029796232,2.0,27.35294426812066,27.491992084413965,27.550191885733465,0.544842664877462,1.9983159650609612
63.45278004145579,10.406707619789405,2.0,27.288040161132812,27.492429790877335,27.541057711135885,0.5457637693673949,1.9979989565214886
63.45310419319769,10.40712621926237,2.0,27.224199083116318,27.49286032838526,27.528438191627576,0.5470286777638872,1.9977362772821337
63.453428344939596,10.40754482821549,2.0,27.093953450520832,27.493738691217114,27.513523467578032,0.5485172041091381,1.9975639985121003
63.453752496681496,10.407963446649125,2.0,27.054977416992188,27.494001541483204,27.49636246510628,0.5502226195754678,1.9975073889111317
63.454076648423396,10.40838207456364,2.0,26.983545939127605,27.494483267848462,27.479180878066853,0.551922922149952,1.9975749608029636
63.4544008001653,10.408800711959396,2.0,26.898474799262154,27.49505697865805,27.463362554032308,0.5534809195066525,1.9977564815584554
63.4547249519072,10.409219358836756,2.0,26.746510823567707,27.496081807708904,27.450683381256432,0.5547220079252527,1.998025429216271
63.45504910364911,10.40963801519608,2.0,26.72428215874566,27.49623171548387,27.440910709207234,0.5556715457097926,1.9983452342756005
63.45537325539101,10.410056681037732,2.0,26.664915296766495,27.496632079349954,27.435756896453334,0.5561627927411404,1.998677526246047
63.45569740713292,10.410475356362076,2.0,26.598646375868057,27.49707898997463,27.435020219883178,0.5562181787761407,1.9989898223799987
63.456021558874816,10.410894041169472,2.0,26.557310316297745,27.497357756007844,27.437953460513324,0.5559131963104771,1.999260359655933
63.45634571061672,10.411312735460283,2.0,26.52517361111111,27.49757448256375,27.44375209508747,0.5553280410216852,1.9994791524183
63.45666986235862,10.411731439234872,2.0,26.486685858832466,27.4978340399125,27.45144080897166,0.5545590446894304,1.9996459802396496
63.45699401410052,10.4121501524936,2.0,26.460567898220486,27.498010176688748,27.45984297528882,0.5537220274609013,1.9997669029135166
63.45731816584243,10.41256887523683,2.0,26.497233072916668,27.4977629106113,27.467743754706508,0.5529364919536383,1.9998508141027327
63.45764231758433,10.412987607464927,2.0,26.487489488389755,27.49782862031939,27.47525459593981,0.5521908846134367,1.9999068991641393
63.45796646932624,10.413406349178251,2.0,26.481075710720486,27.49787187416064,27.481674386443647,0.5515541036476795,1.9999431935177145
63.45829062106814,10.413825100377165,2.0,26.482352362738716,27.497863264553857,27.486831431763292,0.5510428325681402,1.9999660324836783
63.458614772810044,10.414243861062031,2.0,26.558351304796005,27.497350735691022,27.49029671169801,0.550699315727243,1.9999800574281101
63.451022280099814,10.403470890188556,2.0,27.761986626519096,27.489233545819523,27.52677506744884,0.5470962628294539,1.9998128585031283
63.45134643184171,10.403889427311091,2.0,27.63932122124566,27.490060788396487,27.530783721686895,0.5467029421764296,1.9997312673651437
63.45167058358362,10.404307973911536,2.0,27.587877061631943,27.49040772239205,27.533030608002456,0.5464851225936683,1.9996274470552593
63.45199473532552,10.404726529990253,2.0,27.53197733561198,27.490784704258303,27.53356985942899,0.5464374405698658,1.9995029653485439
63.45231888706743,10.405145095547606,2.0,27.46401807996962,27.491243014322503,27.532081692342842,0.5465913894522265,1.9993636595185142
63.45264303880933,10.405563670583957,2.0,27.365431043836807,27.491907874913345,27.52847824404667,0.5469552510054823,1.99922002752411
63.452967190551234,10.40598225509967,2.0,27.30481635199653,27.49231665401262,27.522300357581816,0.5475738863448487,1.9990863490734796
63.453291342293134,10.406400849095101,2.0,27.243738810221355,27.49272855452312,27.514059457727452,0.5483957897261494,1.998978445188009
63.45361549403504,10.40681945257062,2.0,27.204932318793404,27.492990261415134,27.504102691396422,0.5493857123719171,1.9989105497525037
63.45393964577694,10.407238065526583,2.0,27.089058770073784,27.493771700426656,27.493813459360474,0.5504059092181715,1.9988921871859862
63.45426379751884,10.407656687963357,2.0,27.013253106011284,27.49428292584305,27.483258129151377,0.5514494879690756,1.9989259938650703
63.45458794926075,10.4080753198813,2.0,26.93271213107639,27.49482608569735,27.47363577600407,0.5523978323640583,1.9990071136380918
63.45491210100265,10.408493961280778,2.0,26.894019232855904,27.495087026528736,27.465446730852758,0.5532020089242462,1.9991243295759147
63.455236252744555,10.408912612162151,2.0,26.754352145724827,27.49602892665794,27.460265034426488,0.5537072252979279,1.9992626080348233
63.455560404486455,10.409331272525783,2.0,26.68639458550347,27.496487225288398,27.457243595539712,0.5539983251171303,1.9994063110496383
63.45588455622836,10.409749942372034,2.0,26.677785237630207,27.496545285823924,27.45645617367625,0.5540688831525271,1.9995421254402839
63.45620870797026,10.41016862170127,2.0,26.64704047309028,27.496752625278678,27.458146432482163,0.5538954087392804,1.9996609165191517
63.45653285971217,10.41058731051385,2.0,26.586761474609375,27.49715914049728,27.461845826389887,0.5535244961421906,1.9997581990098097
63.45685701145407,10.411006008810139,2.0,26.551279703776043,27.49739842582369,27.46656730667286,0.5530537217200775,1.999833457330508
63.457181163195976,10.411424716590497,2.0,26.613054063585068,27.49698182604574,27.47120700173425,0.5525920681042592,1.9998888607009648
63.457505314937876,10.411843433855289,2.0,26.586903889973957,27.49715818006306,27.47648623003838,0.5520679973987473,1.9999279204938203
63.457829466679776,10.412262160604875,2.0,26.554268731011284,27.497378268138746,27.48146237280667,0.5515744965536367,1.9999544380680367
63.45815361842168,10.41268089683962,2.0,26.542948404947918,27.49745461122573,27.485700407372494,0.5511544168018278,1.9999718573908845
63.45847777016358,10.413099642559883,2.0,26.595789591471355,27.49709825582779,27.48879543596178,0.5508476874378745,1.9999829750009417
63.45880192190549,10.41351839776603,2.0,26.60309346516927,27.497048999272643,27.491473998722306,0.550582348438004,1.999989893103936
63.45120942919526,10.402745548878864,2.0,27.731687757703995,27.48943787820046,27.51448336702782,0.5483090995919179,1.9999071865063944
63.451533580937166,10.403164080524084,2.0,27.673021104600693,27.48983351993161,27.516642753247194,0.5480971010516114,1.9998692683916766
63.451857732679066,10.403582621647143,2.0,27.56439208984375,27.490566102568913,27.51825634806456,0.5479395612249257,1.999822177424215
63.452181884420966,10.404001172248407,2.0,27.511315239800346,27.490924047256815,27.518352017390946,0.5479327171996728,1.9997670399345806
63.45250603616287,10.404419732328236,2.0,27.464012993706596,27.491243048623726,27.51706744573794,0.5480628207386966,1.9997067331798626
63.45283018790477,10.404838301886993,2.0,27.426205105251736,27.49149802104244,27.514282205860543,0.548341585127067,1.9996459142660388
63.45315433964668,10.40525688092504,2.0,27.32422553168403,27.49218576054852,27.51053121501553,0.5487157363392227,1.9995905600352861
63.45347849138858,10.40567546944274,2.0,27.287579006618923,27.49243290085482,27.505127580320234,0.5492529560259456,1.9995470275612124
63.45380264313049,10.406094067440453,2.0,27.228456285264755,27.492831618262237,27.498993376580685,0.5498616024947955,1.9995208353860965
63.45412679487239,10.406512674918543,2.0,27.173934936523438,27.493199304497256,27.492393266823395,0.5505152335432821,1.9995154968059135
63.454450946614294,10.406931291877372,2.0,27.032223171657986,27.494154993717803,27.48646480482809,0.551101168618773,1.999531742909123
63.454775098356194,10.407349918317305,2.0,26.984900580512154,27.4944741322896,27.480511138181928,0.5516884711553416,1.9995673599758146
63.455099250098094,10.407768554238698,2.0,26.918533325195312,27.49492170607124,27.47576461030795,0.5521554462702546,1.9996176863791186
63.45542340184,10.408187199641919,2.0,26.849917941623264,27.495384440993114,27.472454757261676,0.5524797628450215,1.9996766247090731
63.4557475535819,10.408605854527329,2.0,26.776473999023438,27.49587973920864,27.47077256083824,0.5526429268595434,1.999737876022419
63.45607170532381,10.409024518895288,2.0,26.747121175130207,27.496077691562235,27.470377964716583,0.5526789019333774,1.9997960485465518
63.45639585706571,10.409443192746162,2.0,26.71737501356337,27.496278296543682,27.4713955600648,0.5525755927082174,1.9998473655587647
63.456720008807615,10.40986187608031,2.0,26.689183553059895,27.496468416784868,27.473516668958947,0.5523636301957892,1.9998898673867807
63.457044160549515,10.410280568898095,2.0,26.712207370334202,27.49631314658549,27.476049704299093,0.552111411406373,1.9999231844957954
63.45736831229142,10.410699271199883,2.0,26.67966545952691,27.496532605805434,27.479355356081573,0.55178321291125,1.9999480685310067
63.45769246403332,10.411117982986033,2.0,26.64218478732639,27.496785371512182,27.48277629671402,0.5514439542676356,1.9999658777984144
63.45801661577522,10.411536704256907,2.0,26.618211534288193,27.49694704460638,27.485943926094233,0.5511300083725258,1.9999781527134095
63.45834076751713,10.411955435012871,2.0,26.649151272243923,27.496738390271442,27.488416288071384,0.550885024691362,1.9999863365036754
63.45866491925903,10.412374175254284,2.0,26.652965969509548,27.496712664354757,27.49066050022834,0.5506627421477905,1.999991634745363
63.458989071000936,10.41279292498151,2.0,26.663450453016495,27.49664195810196,27.492425052350292,0.5504880003620407,1.9999949767175491
63.451396578290705,10.402020198085278,2.0,27.71425543891059,27.489555439922842,27.50607797811802,0.5491388928092978,1.9999550396252603
63.45172073003261,10.40243872425298,2.0,27.65477837456597,27.489956546982075,27.50742339549541,0.5490065567999026,1.999937822449906
63.45204488177451,10.402857259898454,2.0,27.601364135742188,27.49031676698439,27.50813509562038,0.5489371239401404,1.9999169181259633
63.45236903351641,10.403275805022062,2.0,27.50442843967014,27.49097049111174,27.508401501731566,0.5489119169636012,1.9998929735143456
63.45269318525832,10.403694359624165,2.0,27.473451402452255,27.491179396988972,27.507381765224274,0.5490141152968671,1.999867332970597
63.45301733700022,10.404112923705126,2.0,27.435557047526043,27.491434952528465,27.50553009183058,0.5491986564015072,1.9998420038302196
63.453341488742126,10.404531497265308,2.0,27.408679538302952,27.491616211620567,27.502769271323718,0.5494730541167341,1.999819438393131
63.453665640484026,10.404950080305072,2.0,27.313186645507812,27.49226020563454,27.49976717534963,0.549771060418702,1.9998021501356333
63.45398979222593,10.405368672824782,2.0,27.257742987738716,27.49263411182453,27.496003271114386,0.5501440761285203,1.9997922458481971
63.45431394396783,10.405787274824798,2.0,27.193700154622395,27.4930660099476,27.492081473166184,0.5505322444515183,1.9997909960401883
63.45463809570974,10.406205886305482,2.0,27.153149074978298,27.493339482158845,27.48809586914366,0.5509262318833558,1.9997985640369642
63.45496224745164,10.406624507267198,2.0,27.01873270670573,27.494245971992946,27.485146525945073,0.5512172465147454,1.9998139710219565
63.45528639919354,10.407043137710309,2.0,26.95138888888889,27.494700131609257,27.4824160226064,0.5514862733330707,1.9998353066852745
63.45561055093545,10.407461777635175,2.0,26.881942749023438,27.495168469064094,27.480563978991043,0.5516681969791468,1.9998601249930703
63.45593470267735,10.40788042704216,2.0,26.876815795898438,27.495203044696122,27.4792382324648,0.551797997726024,1.9998859134788993
63.456258854419254,10.408299085931626,2.0,26.820626152886284,27.49558198173204,27.47920912038754,0.5517996100443829,1.9999105104745176
63.45658300616115,10.408717754303936,2.0,26.79415724012587,27.49576048529262,27.479831355265905,0.5517369439759956,1.9999323741442612
63.45690715790306,10.409136432159452,2.0,26.829483032226562,27.495522251870366,27.48071995292881,0.551648118752599,1.9999506668476053
63.45723130964496,10.409555119498535,2.0,26.796005249023438,27.495748022515205,27.482550569433684,0.5514663162449069,1.9999651803597942
63.45755546138687,10.409973816321548,2.0,26.711712307400173,27.496316485237788,27.484992244355926,0.5512242460926198,1.999976166094562
63.45787961312877,10.410392522628856,2.0,26.674638536241318,27.496566506846754,27.48719562200186,0.5510058875394158,1.9999841404352403
63.458203764870674,10.410811238420816,2.0,26.705115424262154,27.496360973923043,27.488873597400865,0.550839614335812,1.9999897167565288
63.458527916612574,10.411229963697798,2.0,26.702587551540798,27.496378021630502,27.490599604121492,0.5506686732372332,1.9999934885356656
63.458852068354474,10.411648698460159,2.0,26.703182644314236,27.496374008387498,27.492069463929557,0.5505231311011718,1.9999959651075923
63.45917622009638,10.412067442708262,2.0,26.752471923828125,27.496041606676428,27.49295283536324,0.5504356539952618,1.999997548678752
